Match ID,Duración (s),Modo de juego,Parche,Equipo Ganador,Equipo,Invocador,Campeón,Runas,Hechizos,K/D/A,Daño total,Daño recibido,Oro acumulado,Objetos,Racha Asesinatos,Daño a Torres,Daño a Dragones/Barones,Asistencias,Barón Kills,Nivel de recompensa,Experiencia,Nivel,Pings - All In,Pings - Assist Me,Pings - Enemy Missing,Kills,Deaths,Double Kills,Triple Kills,Quadra Kills,Penta Kills,Dragon Kills,Inhibitor Kills,Torre Destruida,Nexus Kills,Total Minions,Total Heal,Total CC,Total Time Dead,Vision Score,Wards Puestos,Wards Destruidos
LA2_1481883837,1179,URF,15.2.652.1536,Blue,Blue,mynamejeff,Graves,Desconocido (Desconocido),"6, 4",9/10/6,21347,26623,14650,"The Collector, Infinity Edge, Boots, Immortal Shieldbow, Bloodthirster, Desconocido, Stealth Ward",3,1276,19970,6,0,9,28173,23,0,0,1,9,10,0,0,0,0,0,0,0,0,64,1423,172,251,32,17,4
LA2_1481883837,1179,URF,15.2.652.1536,Blue,Blue,Thelar,Vladimir,Desconocido (Desconocido),"4, 3",11/2/5,52805,49344,18611,"Desconocido, Rabadon's Deathcap, Void Staff, Amplifying Tome, Riftmaker, Desconocido, Stealth Ward",4,13595,18536,5,0,11,33106,25,0,1,0,11,2,1,1,0,0,1,0,4,1,164,44408,95,81,26,17,1
LA2_1481883837,1179,URF,15.2.652.1536,Blue,Blue,Genzui,Teemo,Desconocido (Desconocido),"6, 4",11/7/10,38202,27837,15285,"Doran's Ring, Liandry's Anguish, Desconocido, Sorcerer's Shoes, Nashor's Tooth, Lich Bane, Stealth Ward",3,10950,37970,10,0,11,28727,23,0,0,4,11,7,1,0,0,0,0,0,2,0,77,747,369,212,27,18,1
LA2_1481883837,1179,URF,15.2.652.1536,Blue,Blue,Naxeron,MissFortune,Desconocido (Desconocido),"4, 6",7/8/2,24450,28919,15727,"Lord Dominik's Regards, Infinity Edge, The Collector, Desconocido, B. F. Sword, Vampiric Scepter, Stealth Ward",3,1676,39138,2,1,7,28139,23,0,0,0,7,8,1,0,0,0,2,1,0,0,108,1866,330,232,20,11,1
LA2_1481883837,1179,URF,15.2.652.1536,Blue,Blue,Rompe Telinhas,Ambessa,Desconocido (Desconocido),"14, 4",7/11/11,25382,35132,13285,"Doran's Blade, Eclipse, Desconocido, Desconocido, Spear Of Shojin, Null-Magic Mantle, Stealth Ward",0,4002,27156,11,0,7,27414,22,0,0,3,7,11,0,0,0,0,1,0,2,0,70,4387,101,302,13,7,0
LA2_1481883837,1179,URF,15.2.652.1536,Blue,Red,,Twitch,Desconocido (Desconocido),"4, 6",14/11/0,35756,30747,16841,"Bloodthirster, The Collector, Berserker's Greaves, Runaan's Hurricane, Infinity Edge, Last Whisper, Stealth Ward",6,12413,12413,0,0,14,27492,22,0,5,4,14,11,3,0,0,0,0,0,2,0,103,3088,174,334,30,18,1
LA2_1481883837,1179,URF,15.2.652.1536,Blue,Red,Koeni,Zed,Desconocido (Desconocido),"6, 4",2/10/8,26390,31348,12401,"Serpent's Fang, Phage, Maw of Malmortius, Plated Steelcaps, Eclipse, Kindlegem, Oracle Lens",0,2346,2346,8,0,2,24148,21,1,1,0,2,10,0,0,0,0,0,0,1,0,98,2581,122,207,20,5,1
LA2_1481883837,1179,URF,15.2.652.1536,Blue,Red,Griffïth,Zeri,Desconocido (Desconocido),"4, 6",5/8/4,27094,27939,14253,"Desconocido, Berserker's Greaves, Runaan's Hurricane, Infinity Edge, Lord Dominik's Regards, Long Sword, Oracle Lens",0,1912,2631,4,0,5,23772,20,0,0,5,5,8,0,0,0,0,0,0,0,0,119,1405,92,218,26,17,0
LA2_1481883837,1179,URF,15.2.652.1536,Blue,Red,Lady Ranni,Veigar,Desconocido (Desconocido),"4, 1",14/4/4,39261,38314,18931,"Luden's Tempest, Rabadon's Deathcap, Rod of Ages, Seraph's Embrace, Void Staff, Desconocido, Farsight Alteration",8,7703,22400,4,0,14,28624,23,0,1,2,14,4,3,0,0,0,0,0,2,0,165,2586,60,190,31,20,0
LA2_1481883837,1179,URF,15.2.652.1536,Blue,Red,dºbq M pdºb,TahmKench,Desconocido (Desconocido),"4, 6",3/12/13,13734,46355,11420,"Desconocido, Negatron Cloak, Force of Nature, Sunfire Aegis, Plated Steelcaps, Heartsteel, Stealth Ward",0,359,596,13,0,3,24909,21,0,0,0,3,12,0,0,0,0,0,0,1,0,35,7059,136,284,10,6,0
LA2_1481875937,977,URF,15.2.652.1536,Red,Blue,Feorectm,Sivir,Desconocido (Desconocido),"4, 6",5/9/4,25725,22392,12381,"Desconocido, Doran's Blade, Berserker's Greaves, Infinity Edge, Lord Dominik's Regards, Pickaxe, Stealth Ward",0,0,192,4,0,5,20565,19,0,0,0,5,9,0,0,0,0,0,0,0,0,113,1614,12,235,16,9,1
LA2_1481875937,977,URF,15.2.652.1536,Red,Blue,No ROBO Celus,Syndra,Desconocido (Desconocido),"6, 4",6/10/6,15152,25282,11236,"Shadowflame, Health Potion, Rabadon's Deathcap, Desconocido, Amplifying Tome, Amplifying Tome, Farsight Alteration",3,0,1467,6,0,6,19786,18,1,14,0,6,10,0,0,0,0,0,0,0,0,86,938,370,263,17,14,0
LA2_1481875937,977,URF,15.2.652.1536,Red,Blue,SUFF0CATE XD LOL,Vex,Desconocido (Desconocido),"14, 4",15/9/1,35560,25968,14953,"Luden's Tempest, Zhonya's Hourglass, Desconocido, Desconocido, Shadowflame, Desconocido, Stealth Ward",3,2873,2958,1,0,15,23962,20,0,1,14,15,9,2,0,0,0,0,0,0,0,124,770,311,254,8,5,0
LA2_1481875937,977,URF,15.2.652.1536,Red,Blue,60hz27msToxittY,Kassadin,Desconocido (Desconocido),"4, 6",3/10/4,12229,29989,10788,"Verdant Barrier, Needlessly Large Rod, Mercury's Treads, Oblivion Orb, Desconocido, Rod of Ages, Stealth Ward",2,5711,5711,4,0,3,16163,16,0,0,0,3,10,0,0,0,0,0,0,2,0,60,108,75,279,27,17,1
LA2_1481875937,977,URF,15.2.652.1536,Red,Blue,,Skarner,Desconocido (Desconocido),"4, 11",2/7/6,8205,31511,9144,"Heartsteel, Sunfire Aegis, Thornmail, Boots, Desconocido, Desconocido, Stealth Ward",0,0,24344,6,0,2,19528,18,0,0,3,2,7,0,0,0,0,1,0,0,0,8,3114,369,190,10,4,0
LA2_1481875937,977,URF,15.2.652.1536,Red,Red,mynamejeff,Sylas,Desconocido (Desconocido),"14, 4",5/5/6,20939,23169,13459,"Luden's Tempest, Shadowflame, Sorcerer's Shoes, Rabadon's Deathcap, Amplifying Tome, Desconocido, Stealth Ward",3,12844,17302,6,0,5,23946,20,0,0,0,5,5,0,0,0,0,1,3,4,0,89,3828,169,171,14,9,0
LA2_1481875937,977,URF,15.2.652.1536,Red,Red,Thelar,Tristana,Desconocido (Desconocido),"4, 3",15/7/6,39592,19211,17519,"The Collector, Infinity Edge, Lord Dominik's Regards, Immortal Shieldbow, Bloodthirster, Desconocido, Stealth Ward",6,10466,63984,6,1,15,25327,21,1,0,0,15,7,2,0,0,0,2,0,2,0,106,1990,47,149,25,15,3
LA2_1481875937,977,URF,15.2.652.1536,Red,Red,Genzui,Lucian,Desconocido (Desconocido),"6, 4",8/10/4,24877,27291,14606,"Kraken Slayer, Infinity Edge, Boots of Swiftness, Doran's Blade, Lord Dominik's Regards, Pickaxe, Stealth Ward",2,9074,30972,4,0,8,23535,20,0,0,0,8,10,2,0,0,0,0,0,1,0,104,5709,32,241,12,10,0
LA2_1481875937,977,URF,15.2.652.1536,Red,Red,Naxeron,Kayle,Desconocido (Desconocido),"4, 6",10/5/5,18981,22073,12249,"Nashor's Tooth, Sorcerer's Shoes, Shadowflame, Rabadon's Deathcap, Amplifying Tome, Desconocido, Eye of the Herald",3,6743,23443,5,0,10,22269,20,0,0,0,10,5,1,0,0,0,0,0,3,1,56,11007,190,166,16,10,1
LA2_1481875937,977,URF,15.2.652.1536,Red,Red,Rompe Telinhas,MonkeyKing,Desconocido (Desconocido),"14, 4",7/4/11,18370,22612,11927,"Doran's Blade, Eclipse, Mercury's Treads, Trinity Force, Desconocido, Long Sword, Stealth Ward",4,2438,11769,11,0,7,23024,20,0,0,1,7,4,0,0,0,0,0,0,1,0,48,2524,26,93,21,10,4
LA2_1481868371,1163,URF,15.2.652.1536,Red,Blue,STRELIZI4,Fizz,Desconocido (Desconocido),"4, 14",8/7/14,26811,25005,14488,"Desconocido, Desconocido, Shadowflame, Lich Bane, Void Staff, Desconocido, Stealth Ward",2,4606,11779,14,0,8,24619,21,0,1,0,8,7,0,0,0,0,0,0,1,0,94,1615,95,191,40,26,0
LA2_1481868371,1163,URF,15.2.652.1536,Red,Blue,socket26898,Ezreal,Desconocido (Desconocido),"21, 4",13/6/13,39500,33381,17716,"Ravenous Hydra, Trinity Force, Desconocido, Serylda's Grudge, Spear Of Shojin, Serrated Dirk, Stealth Ward",5,14799,54016,13,0,13,25013,21,0,0,0,13,6,2,0,0,0,1,1,4,0,154,6741,44,163,27,17,0
LA2_1481868371,1163,URF,15.2.652.1536,Red,Blue,ZyphrTempest,Swain,Desconocido (Desconocido),"4, 14",13/6/19,37964,49585,15519,"Broken Stopwatch, Thornmail, Desconocido, Desconocido, Rylai's Crystal Scepter, Desconocido, Stealth Ward",9,3978,19244,19,0,13,23737,20,0,1,9,13,6,2,0,0,0,0,0,0,0,95,15044,399,215,9,6,0
LA2_1481868371,1163,URF,15.2.652.1536,Red,Blue,Zeno ZoIdyck,Leblanc,Desconocido (Desconocido),"4, 6",8/5/18,32616,23134,14229,"Doran's Ring, Luden's Tempest, Desconocido, Shadowflame, Desconocido, Amplifying Tome, Stealth Ward",2,1112,14948,18,0,8,26370,22,0,0,0,8,5,0,0,0,0,1,0,1,0,122,1650,41,148,33,24,1
LA2_1481868371,1163,URF,15.2.652.1536,Red,Blue,Shen weco,Gragas,Desconocido (Desconocido),"4, 14",12/8/17,38560,31944,13953,"Desconocido, Blighting Jewel, Desconocido, Rabadon's Deathcap, Shadowflame, Oblivion Orb, Oracle Lens",3,3581,8233,17,0,12,24922,21,0,4,0,12,8,1,0,0,0,0,0,1,0,66,4038,211,257,27,15,0
LA2_1481868371,1163,URF,15.2.652.1536,Red,Red,mynamejeff,Maokai,Desconocido (Desconocido),"3, 4",3/8/8,22270,40067,12085,"Heartsteel, Mercury's Treads, Winged Moonplate, Desconocido, Spirit Visage, Negatron Cloak, Stealth Ward",2,1199,2102,8,0,3,25275,21,0,0,4,3,8,0,0,0,0,0,0,0,0,81,8231,487,256,23,15,0
LA2_1481868371,1163,URF,15.2.652.1536,Red,Red,Thelar,Garen,Desconocido (Desconocido),"4, 6",9/10/4,22998,29698,17844,"Lord Dominik's Regards, Youmuu's Ghostblade, Maw of Malmortius, Infinity Edge, Phantom Dancer, Zeal, Stealth Ward",4,11441,34761,4,0,9,27787,23,1,1,0,9,10,1,0,0,0,1,1,4,0,117,1457,75,289,18,11,0
LA2_1481868371,1163,URF,15.2.652.1536,Red,Red,Genzui,Trundle,Desconocido (Desconocido),"14, 6",10/9/6,43581,48919,19407,"Ravenous Hydra, Hullbreaker, Force of Nature, Mercury's Treads, Wit's End, Maw of Malmortius, Stealth Ward",3,17560,41019,6,1,10,30572,24,0,0,1,10,9,1,0,0,0,1,0,4,0,165,21452,272,249,31,17,3
LA2_1481868371,1163,URF,15.2.652.1536,Red,Red,Naxeron,Aurora,Desconocido (Desconocido),"4, 6",10/12/6,40903,30369,14810,"Luden's Tempest, Sorcerer's Shoes, Desconocido, Shadowflame, Rabadon's Deathcap, Amplifying Tome, Stealth Ward",2,0,6050,6,0,10,26159,22,0,0,3,10,12,0,0,0,0,0,1,0,0,89,2410,141,297,11,6,0
LA2_1481868371,1163,URF,15.2.652.1536,Red,Red,Rompe Telinhas,Zac,Desconocido (Desconocido),"14, 4",0/15/10,12335,51245,10169,"Doran's Shield, Turbo Chemtank, Mercury's Treads, Desconocido, Thornmail, Desconocido, Stealth Ward",0,0,7233,10,0,0,21519,19,0,0,2,0,15,0,0,0,0,0,0,0,0,33,25796,181,313,21,11,2
LA2_1481518464,932,URF,15.2.652.1536,Blue,Blue,mynamejeff,Karthus,Desconocido (Desconocido),"6, 4",5/11/18,26835,24307,13108,"Liandry's Anguish, Sorcerer's Shoes, Shadowflame, Rylai's Crystal Scepter, Void Staff, Desconocido, Stealth Ward",2,4106,4106,18,0,5,21479,19,0,0,1,5,11,0,0,0,0,0,0,1,0,94,1326,198,216,10,7,1
LA2_1481518464,932,URF,15.2.652.1536,Blue,Blue,Thelar,LeeSin,Desconocido (Desconocido),"4, 3",19/5/7,33803,25241,14794,"Edge of Night, Ravenous Hydra, Maw of Malmortius, Pickaxe, Desconocido, Eclipse, Stealth Ward",9,8087,12305,7,0,19,20807,19,0,1,0,19,5,3,1,0,0,0,0,2,0,79,6548,57,84,16,12,0
LA2_1481518464,932,URF,15.2.652.1536,Blue,Blue,Naxeron,Gragas,Desconocido (Desconocido),"4, 6",6/8/10,12623,20607,10918,"Desconocido, Hextech Rocketbelt, Lich Bane, Desconocido, Desconocido, Desconocido, Stealth Ward",3,4614,7058,10,0,6,16188,16,2,0,0,6,8,0,0,0,0,0,0,3,1,42,1870,159,184,14,9,0
LA2_1481518464,932,URF,15.2.652.1536,Blue,Blue,GIANX90,Sona,Desconocido (Desconocido),"7, 4",16/6/15,25032,19618,13151,"Lich Bane, Desconocido, Luden's Tempest, Desconocido, Needlessly Large Rod, Desconocido, Stealth Ward",5,10854,40432,15,0,16,18471,18,0,0,0,16,6,3,0,0,0,0,1,0,0,40,13144,73,141,16,10,0
LA2_1481518464,932,URF,15.2.652.1536,Blue,Blue,gonzaas1,Annie,Desconocido (Desconocido),"14, 4",12/9/15,24820,16933,14478,"Luden's Tempest, Desconocido, Desconocido, Desconocido, Desconocido, Desconocido, Stealth Ward",3,9467,20682,15,0,12,21006,19,0,4,1,12,9,1,0,0,0,1,1,4,0,86,87,161,156,17,12,0
LA2_1481518464,932,URF,15.2.652.1536,Blue,Red,tadeo15,Veigar,Desconocido (Desconocido),"4, 6",9/12/6,26284,23750,14531,"Blasting Wand, Luden's Tempest, Rabadon's Deathcap, Sorcerer's Shoes, Shadowflame, Blighting Jewel, Stealth Ward",3,8937,8937,6,0,9,17913,17,0,0,6,9,12,3,0,0,0,0,0,1,0,101,658,17,265,6,4,0
LA2_1481518464,932,URF,15.2.652.1536,Blue,Red,FromTheDeep,Akali,Desconocido (Desconocido),"14, 4",11/8/7,20444,29419,12305,"Desconocido, Hextech Rocketbelt, Shadowflame, Riftmaker, Desconocido, Desconocido, Stealth Ward",3,466,466,7,0,11,17904,17,0,2,9,11,8,0,0,0,0,0,0,0,0,89,950,46,183,5,2,1
LA2_1481518464,932,URF,15.2.652.1536,Blue,Red,AseI,Sett,Desconocido (Desconocido),"14, 4",6/8/7,16674,28370,11050,"Dagger, Blade of The Ruined King, Mercury's Treads, Kraken Slayer, Tiamat, Phage, Stealth Ward",2,2324,13909,7,0,6,15980,16,0,7,4,6,8,1,0,0,0,0,0,0,0,59,3329,98,179,17,12,0
LA2_1481518464,932,URF,15.2.652.1536,Blue,Red,OsquiPast,Poppy,Desconocido (Desconocido),"4, 14",6/15/5,8387,26574,10539,"Winged Moonplate, Maw of Malmortius, Executioner's Calling, Mercury's Treads, Negatron Cloak, Dead Man's Plate, Stealth Ward",2,2130,2130,5,0,6,15170,16,0,0,0,6,15,1,0,0,0,0,0,1,0,66,701,318,334,7,5,0
LA2_1481518464,932,URF,15.2.652.1536,Blue,Red,BASTARLORD,Pantheon,Desconocido (Desconocido),"4, 14",7/15/11,21735,25955,10616,"Desconocido, Desconocido, Youmuu's Ghostblade, Serrated Dirk, Long Sword, Desconocido, Stealth Ward",2,1389,4374,11,0,7,18015,17,0,0,0,7,15,0,0,0,0,1,0,1,0,26,893,32,309,14,9,0
LA2_1481327153,1154,URF,15.2.652.1536,Blue,Blue,Yuqirin,Varus,Desconocido (Desconocido),"3, 4",7/9/2,20983,24749,15450,"Nashor's Tooth, Riftmaker, Sorcerer's Shoes, Rabadon's Deathcap, Shadowflame, Desconocido, Stealth Ward",2,8210,8210,2,0,7,25674,21,0,0,0,7,9,1,0,0,0,0,1,2,0,124,603,313,285,19,14,1
LA2_1481327153,1154,URF,15.2.652.1536,Blue,Blue,Lider Thelar,Sona,Desconocido (Desconocido),"3, 4",5/8/11,14240,23657,13655,"Moonstone Renewer, Sorcerer's Shoes, Luden's Tempest, Lich Bane, Blighting Jewel, Blasting Wand, Stealth Ward",3,8164,11988,11,0,5,27812,23,0,0,0,5,8,0,0,0,0,0,1,3,1,66,9807,45,237,26,18,0
LA2_1481327153,1154,URF,15.2.652.1536,Blue,Blue,Thelar,Kayn,Desconocido (Desconocido),"4, 6",13/13/2,54060,44569,20428,"Edge of Night, Youmuu's Ghostblade, Eclipse, Serpent's Fang, Serylda's Grudge, Desconocido, Stealth Ward",7,9119,24208,2,0,13,30124,24,0,0,0,13,13,2,1,0,0,0,0,3,0,169,15132,147,280,15,9,1
LA2_1481327153,1154,URF,15.2.652.1536,Blue,Blue,Genzui,MonkeyKing,Desconocido (Desconocido),"14, 4",9/9/10,34245,42121,16342,"Ravenous Hydra, Trinity Force, Plated Steelcaps, Black Cleaver, Thornmail, Caulfield's Warhammer, Stealth Ward",4,3566,8663,10,0,9,27826,23,0,0,0,9,9,0,0,0,0,0,0,1,0,114,9551,86,255,28,16,2
LA2_1481327153,1154,URF,15.2.652.1536,Blue,Blue,Naxeron,Hecarim,Desconocido (Desconocido),"6, 11",0/10/7,13376,38189,11843,"Muramana, Trinity Force, Eclipse, Boots of Swiftness, Desconocido, Desconocido, Stealth Ward",0,691,10338,7,1,0,24254,21,0,0,2,0,10,0,0,0,0,1,0,0,0,33,7896,210,294,11,6,0
LA2_1481327153,1154,URF,15.2.652.1536,Blue,Red,folaipo,TwistedFate,Desconocido (Desconocido),"4, 6",13/11/13,31041,30424,15423,"The Collector, Berserker's Greaves, Kraken Slayer, Infinity Edge, Cloak of Agility, Executioner's Calling, Stealth Ward",4,2867,29664,13,0,13,23582,20,0,1,3,13,11,1,1,0,0,0,0,1,0,51,4881,160,371,15,8,0
LA2_1481327153,1154,URF,15.2.652.1536,Blue,Red,KïngsNeverDie,Aatrox,Desconocido (Desconocido),"6, 4",3/8/10,23656,36156,16002,"Ravenous Hydra, Death's Dance, Hullbreaker, Plated Steelcaps, Thornmail, Desconocido, Stealth Ward",0,17481,17481,10,0,3,23319,20,0,0,6,3,8,0,0,0,0,0,1,5,0,137,12179,151,263,15,10,0
LA2_1481327153,1154,URF,15.2.652.1536,Blue,Red,Alyhtek,KogMaw,Desconocido (Desconocido),"4, 3",16/6/7,39229,29168,16627,"Jak'Sho, The Protean, Desconocido, Guinsoo's Rageblade, Blade of The Ruined King, Desconocido, Desconocido, Oracle Lens",5,3768,45842,7,0,16,26613,22,0,0,13,16,6,3,0,0,0,2,1,1,0,80,6056,219,150,16,0,6
LA2_1481327153,1154,URF,15.2.652.1536,Blue,Red,Løve addict,Ivern,Desconocido (Desconocido),"4, 6",4/3/24,37499,28194,14348,"Sorcerer's Shoes, Rylai's Crystal Scepter, Rabadon's Deathcap, Luden's Tempest, Void Staff, Desconocido, Stealth Ward",4,5046,17893,24,0,4,27183,22,0,0,2,4,3,0,0,0,0,0,0,1,0,75,3467,675,97,32,20,0
LA2_1481327153,1154,URF,15.2.652.1536,Blue,Red,aliasuno54,Kled,Desconocido (Desconocido),"4, 6",13/6/5,21777,33110,14194,"Desconocido, Desconocido, Desconocido, Berserker's Greaves, Lord Dominik's Regards, Long Sword, Farsight Alteration",4,3409,26861,5,0,13,22111,19,0,0,4,13,6,1,0,0,0,1,0,0,0,49,3902,77,166,10,13,0
LA2_1481315979,1166,URF,15.2.652.1536,Red,Blue,REDBULLRACING1,Kayn,Desconocido (Desconocido),"6, 4",13/15/6,33192,34927,14326,"Desconocido, Desconocido, Youmuu's Ghostblade, Edge of Night, Serylda's Grudge, Tiamat, Farsight Alteration",5,1358,1828,6,0,13,22374,20,0,0,7,13,15,3,0,0,0,0,0,0,0,80,4787,100,390,25,21,0
LA2_1481315979,1166,URF,15.2.652.1536,Red,Blue,BABYY JEYY,Lux,Desconocido (Desconocido),"4, 6",8/7/10,21190,20598,14809,"Desconocido, Desconocido, Horizon Focus, Sorcerer's Shoes, Rabadon's Deathcap, Amplifying Tome, Stealth Ward",2,4782,4782,10,0,8,24982,21,0,0,0,8,7,0,0,0,0,0,0,1,0,111,690,410,249,15,9,0
LA2_1481315979,1166,URF,15.2.652.1536,Red,Blue,Frionel Pepsi,Ziggs,Desconocido (Desconocido),"6, 4",9/7/10,35723,21678,17317,"Luden's Tempest, Sorcerer's Shoes, Horizon Focus, Liandry's Anguish, Shadowflame, Rabadon's Deathcap, Stealth Ward",3,7652,9689,10,0,9,27738,22,0,0,0,9,7,0,0,0,0,0,0,2,0,145,103,300,242,22,15,0
LA2_1481315979,1166,URF,15.2.652.1536,Red,Blue,krasnyye oblaka,Udyr,Desconocido (Desconocido),"6, 4",4/11/14,20423,39589,14130,"Liandry's Anguish, Boots of Swiftness, Riftmaker, Fimbulwinter, Desconocido, Desconocido, Oracle Lens",2,2998,3650,14,0,4,25946,22,0,2,84,4,11,0,0,0,0,0,0,1,0,95,3691,1217,329,34,20,0
LA2_1481315979,1166,URF,15.2.652.1536,Red,Blue,BonieZ,Briar,Desconocido (Desconocido),"4, 3",6/13/7,17674,56432,11041,"Heartsteel, Desconocido, Spirit Visage, Boots of Swiftness, Long Sword, Long Sword, Stealth Ward",3,0,160,7,0,6,20471,19,0,0,0,6,13,0,0,0,0,0,0,0,0,43,17418,113,394,6,4,0
LA2_1481315979,1166,URF,15.2.652.1536,Red,Red,Lider Thelar,Galio,Desconocido (Desconocido),"14, 4",11/10/11,36768,35606,14504,"Doran's Ring, Desconocido, Desconocido, Turbo Chemtank, Riftmaker, Void Staff, Stealth Ward",4,1581,25194,11,0,11,26448,22,0,0,0,11,10,1,0,0,0,0,0,1,0,63,2132,81,216,20,10,1
LA2_1481315979,1166,URF,15.2.652.1536,Red,Red,Thelar,Gangplank,Desconocido (Desconocido),"4, 3",17/8/7,47768,37251,19487,"Infinity Edge, Immortal Shieldbow, The Collector, Mortal Reminder, Trinity Force, Youmuu's Ghostblade, Stealth Ward",6,11756,66134,7,0,17,29176,23,0,0,3,17,8,2,1,1,0,2,0,3,0,138,9410,254,215,27,15,1
LA2_1481315979,1166,URF,15.2.652.1536,Red,Red,Genzui,Amumu,Desconocido (Desconocido),"14, 4",7/7/13,26128,31726,13014,"Sunfire Aegis, Jak'Sho, The Protean, Abyssal Mask, Desconocido, Amplifying Tome, Null-Magic Mantle, Eye of the Herald",4,2728,38600,13,1,7,25939,22,0,1,0,7,7,0,0,0,0,1,0,0,0,55,6021,117,90,25,18,1
LA2_1481315979,1166,URF,15.2.652.1536,Red,Red,Naxeron,Fiora,Desconocido (Desconocido),"4, 6",11/6/7,22846,31298,15061,"Desconocido, Ravenous Hydra, Desconocido, Sterak's Gage, Eclipse, Caulfield's Warhammer, Stealth Ward",7,3889,31501,7,0,11,25948,22,0,0,0,11,6,1,0,0,0,1,1,1,0,67,10323,125,142,21,10,1
LA2_1481315979,1166,URF,15.2.652.1536,Red,Red,KïngsNeverDie,Malphite,Desconocido (Desconocido),"6, 4",7/9/7,26533,20436,16835,"Oblivion Orb, Zhonya's Hourglass, Rabadon's Deathcap, Desconocido, Sorcerer's Shoes, Banshee's Veil, Oracle Lens",4,17747,17747,7,0,7,26901,22,0,0,17,7,9,0,0,0,0,0,2,5,1,127,529,557,251,9,0,2
LA2_1481306920,1027,URF,15.2.652.1536,Blue,Blue,Lider Thelar,Ziggs,Desconocido (Desconocido),"14, 4",6/3/7,22525,14659,12818,"Doran's Ring, Luden's Tempest, Desconocido, Liandry's Anguish, Shadowflame, Desconocido, Stealth Ward",4,920,27057,7,0,6,18965,18,0,0,0,6,3,0,0,0,0,1,0,1,0,103,1512,218,69,18,13,1
LA2_1481306920,1027,URF,15.2.652.1536,Blue,Blue,Thelar,Jhin,Desconocido (Desconocido),"4, 3",3/8/11,18768,17397,12110,"Infinity Edge, Rapid Firecannon, Desconocido, Serrated Dirk, The Collector, Berserker's Greaves, Farsight Alteration",2,6706,11365,11,0,3,18393,18,0,0,0,3,8,1,0,0,0,0,0,1,0,92,210,143,205,13,12,0
LA2_1481306920,1027,URF,15.2.652.1536,Blue,Blue,Genzui,Kindred,Desconocido (Desconocido),"14, 4",13/10/3,29560,25860,15101,"Lord Dominik's Regards, Infinity Edge, Doran's Blade, The Collector, Desconocido, Cloak of Agility, Stealth Ward",6,7110,22576,3,0,13,19224,18,0,0,2,13,10,3,1,1,0,1,1,2,0,78,9755,50,244,9,7,1
LA2_1481306920,1027,URF,15.2.652.1536,Blue,Blue,SoGGeK1ng,Seraphine,Desconocido (Desconocido),"6, 4",2/11/16,25624,24182,10796,"Doran's Ring, Rylai's Crystal Scepter, Sorcerer's Shoes, Liandry's Anguish, Horizon Focus, Desconocido, Stealth Ward",0,2533,9959,16,0,2,19207,18,0,0,0,2,11,0,0,0,0,0,0,0,0,62,1208,340,243,17,11,0
LA2_1481306920,1027,URF,15.2.652.1536,Blue,Blue,Naxeron,Mordekaiser,Desconocido (Desconocido),"4, 14",8/6/8,21343,28999,12758,"Riftmaker, Mercury's Treads, Rylai's Crystal Scepter, Liandry's Anguish, Spectre's Cowl, Kindlegem, Stealth Ward",3,1125,11885,8,0,8,18157,17,0,0,1,8,6,0,0,0,0,0,0,0,0,71,7164,100,138,16,10,0
LA2_1481306920,1027,URF,15.2.652.1536,Blue,Red,AN Awesome ,Hwei,Desconocido (Desconocido),"4, 6",6/5/5,22122,21601,12360,"Desconocido, Rabadon's Deathcap, Sorcerer's Shoes, Liandry's Anguish, Needlessly Large Rod, Desconocido, Farsight Alteration",5,5406,11530,5,0,6,18226,17,0,4,6,6,5,0,0,0,0,0,0,1,0,98,1262,695,126,16,12,1
LA2_1481306920,1027,URF,15.2.652.1536,Blue,Red,Mrs Vanjie ,Smolder,Desconocido (Desconocido),"6, 4",5/5/6,16445,21150,11131,"Trinity Force, Rapid Firecannon, Boots of Swiftness, Bloodthirster, Desconocido, Desconocido, Stealth Ward",4,891,891,6,0,5,16928,17,1,2,0,5,5,0,0,0,0,0,0,1,0,79,2869,217,89,28,20,0
LA2_1481306920,1027,URF,15.2.652.1536,Blue,Red,metilfenidat0,Leona,Desconocido (Desconocido),"6, 4",5/9/17,25887,43623,10541,"Heartsteel, Tiamat, Spirit Visage, Desconocido, Desconocido, Desconocido, Stealth Ward",2,924,1294,17,0,5,18100,17,0,0,0,5,9,0,0,0,0,0,0,0,0,26,3282,150,210,10,6,0
LA2_1481306920,1027,URF,15.2.652.1536,Blue,Red,PERRITOTACTICO99,Shen,Desconocido (Desconocido),"14, 4",13/7/6,16881,35763,11040,"Titanic Hydra, Heartsteel, Plated Steelcaps, Desconocido, Desconocido, Desconocido, Stealth Ward",8,664,664,6,0,13,16173,16,1,1,3,13,7,3,1,0,0,0,0,0,0,25,2953,104,164,11,6,0
LA2_1481306920,1027,URF,15.2.652.1536,Blue,Red,El Montaraz,Yasuo,Desconocido (Desconocido),"4, 14",9/6/2,17732,13525,13902,"Kraken Slayer, Berserker's Greaves, Infinity Edge, The Collector, B. F. Sword, Vampiric Scepter, Stealth Ward",3,5546,9843,2,0,9,18778,18,0,1,0,9,6,0,0,0,0,1,0,1,0,100,903,58,141,14,8,0
LA2_1481242647,877,URF,15.2.652.1536,Red,Blue,,DrMundo,Desconocido (Desconocido),"14, 4",5/9/6,15238,40236,11692,"Heartsteel, Desconocido, Desconocido, Boots, Force of Nature, Negatron Cloak, Stealth Ward",2,4609,4609,6,0,5,13385,15,0,6,1,5,9,1,0,0,0,0,0,1,0,83,6829,162,224,13,9,0
LA2_1481242647,877,URF,15.2.652.1536,Red,Blue,Best Sona Disney,Leona,Desconocido (Desconocido),"4, 6",1/5/9,10294,23663,9054,"Desconocido, Heartsteel, Eclipse, Bramble Vest, Desconocido, Desconocido, Stealth Ward",0,1762,2058,9,0,1,14066,15,0,0,0,1,5,0,0,0,0,0,0,1,0,46,1076,88,95,16,11,1
LA2_1481242647,877,URF,15.2.652.1536,Red,Blue,HugoCL,Nami,Desconocido (Desconocido),"4, 3",5/8/9,10232,15119,9899,"Luden's Tempest, Desconocido, Banshee's Veil, Spectre's Cowl, Kindlegem, Desconocido, Stealth Ward",3,1443,1871,9,0,5,12315,14,0,4,0,5,8,1,0,0,0,0,0,0,0,31,7797,152,161,7,4,0
LA2_1481242647,877,URF,15.2.652.1536,Red,Blue,T1 Magni Dezmond,Jayce,Desconocido (Desconocido),"14, 4",8/8/4,16624,34056,10178,"Heartsteel, Fimbulwinter, Spear Of Shojin, Boots of Swiftness, Desconocido, Desconocido, Stealth Ward",4,4449,5620,4,0,8,12215,14,0,1,0,8,8,0,0,0,0,0,0,0,0,66,1258,111,173,17,11,1
LA2_1481242647,877,URF,15.2.652.1536,Red,Blue,TrolecilIo,Karma,Desconocido (Desconocido),"4, 11",4/9/9,15633,17685,10210,"Desconocido, Desconocido, Luden's Tempest, Spirit Visage, Desconocido, Desconocido, Stealth Ward",0,1050,2594,9,0,4,13464,15,0,0,4,4,9,0,0,0,0,1,0,0,0,65,16,217,157,15,10,0
LA2_1481242647,877,URF,15.2.652.1536,Red,Red,Thelar,Leblanc,Desconocido (Desconocido),"4, 3",13/2/14,40852,13828,14293,"Void Staff, Rabadon's Deathcap, Desconocido, Banshee's Veil, Desconocido, Desconocido, Stealth Ward",10,8512,11667,14,0,13,16011,16,0,0,0,13,2,2,0,0,0,1,0,2,0,75,416,19,53,14,12,0
LA2_1481242647,877,URF,15.2.652.1536,Red,Red,Genzui,Malphite,Desconocido (Desconocido),"14, 4",14/5/9,30137,20655,12523,"Oblivion Orb, Doran's Ring, Shadowflame, Sorcerer's Shoes, Blighting Jewel, Rabadon's Deathcap, Stealth Ward",7,4590,4590,9,0,14,16521,17,0,0,1,14,5,4,0,0,0,0,0,1,0,72,393,437,132,8,7,0
LA2_1481242647,877,URF,15.2.652.1536,Red,Red,SoGGeK1ng,Vi,Desconocido (Desconocido),"6, 4",4/8/8,13231,17177,10066,"Eclipse, Desconocido, Black Cleaver, Desconocido, Desconocido, Desconocido, Stealth Ward",0,356,356,8,0,4,15033,16,0,0,0,4,8,0,0,0,0,0,0,0,0,61,708,78,131,8,5,0
LA2_1481242647,877,URF,15.2.652.1536,Red,Red,Izanagı,Xayah,Desconocido (Desconocido),"21, 4",2/5/9,16364,13978,10814,"Youmuu's Ghostblade, Serylda's Grudge, Boots of Swiftness, Serpent's Fang, Long Sword, Desconocido, Stealth Ward",0,7586,47930,9,0,2,14470,15,0,0,0,2,5,0,0,0,0,0,1,2,1,73,604,32,95,23,15,0
LA2_1481242647,877,URF,15.2.652.1536,Red,Red,Naxeron,XinZhao,Desconocido (Desconocido),"4, 11",6/3/9,22442,17360,12910,"Doran's Blade, Ravenous Hydra, Mercury's Treads, Eclipse, Maw of Malmortius, Desconocido, Stealth Ward",5,12039,29600,9,0,6,15446,16,1,0,0,6,3,0,0,0,0,1,1,4,0,72,8338,366,54,19,12,0
LA2_1481235803,992,URF,15.2.652.1536,Red,Blue,kaaast,Khazix,Desconocido (Desconocido),"4, 6",5/8/5,16488,25461,12709,"Eclipse, Desconocido, Serpent's Fang, Doran's Shield, Mercury's Treads, Caulfield's Warhammer, Stealth Ward",2,0,0,5,0,5,18969,18,0,1,1,5,8,1,0,0,0,0,0,0,0,70,2747,272,171,9,7,0
LA2_1481235803,992,URF,15.2.652.1536,Red,Blue,MiniClover120,Jhin,Desconocido (Desconocido),"4, 6",7/9/5,17161,22007,12144,"Infinity Edge, Boots of Swiftness, Desconocido, Rapid Firecannon, Last Whisper, Desconocido, Stealth Ward",3,463,463,5,0,7,19291,18,0,2,0,7,9,0,0,0,0,0,0,0,0,81,1428,142,209,11,8,0
LA2_1481235803,992,URF,15.2.652.1536,Red,Blue,JinSoül,Ashe,Desconocido (Desconocido),"6, 4",2/7/10,12697,22196,11659,"Berserker's Greaves, Kraken Slayer, Phantom Dancer, Infinity Edge, Desconocido, Desconocido, Stealth Ward",0,537,537,10,0,2,19583,18,0,0,0,2,7,0,0,0,0,0,0,0,0,86,1005,376,178,7,2,0
LA2_1481235803,992,URF,15.2.652.1536,Red,Blue,HugoCL,Ambessa,Desconocido (Desconocido),"4, 6",0/13/6,5443,25314,9483,"Desconocido, Boots, Eclipse, Spear Of Shojin, Desconocido, Pickaxe, Stealth Ward",0,0,6489,6,0,0,16351,16,0,1,0,0,13,0,0,0,0,0,0,0,0,62,1654,110,256,9,6,0
LA2_1481235803,992,URF,15.2.652.1536,Red,Blue,kewec,Nasus,Desconocido (Desconocido),"4, 6",5/9/4,13445,37714,12088,"Spirit Visage, Trinity Force, Frozen Heart, Desconocido, Mercury's Treads, Bramble Vest, Stealth Ward",0,0,0,4,0,5,18380,18,0,0,0,5,9,0,0,0,0,0,0,0,0,95,7401,134,215,4,5,0
LA2_1481235803,992,URF,15.2.652.1536,Red,Red,Thelar,TwistedFate,Desconocido (Desconocido),"4, 3",14/4/9,38886,14757,17181,"Void Staff, Desconocido, Needlessly Large Rod, Lich Bane, Rabadon's Deathcap, Desconocido, Farsight Alteration",8,23847,27323,9,0,14,19974,18,0,0,0,14,4,5,1,0,0,0,3,7,0,116,314,49,118,12,7,0
LA2_1481235803,992,URF,15.2.652.1536,Red,Red,Genzui,Morgana,Desconocido (Desconocido),"14, 4",7/3/14,18655,16590,12215,"Liandry's Anguish, Desconocido, Shadowflame, Sorcerer's Shoes, Needlessly Large Rod, Desconocido, Stealth Ward",3,2018,4223,14,0,7,18398,18,0,0,1,7,3,0,0,0,0,0,0,1,0,53,2201,93,87,12,9,0
LA2_1481235803,992,URF,15.2.652.1536,Red,Red,Izanagı,Syndra,Desconocido (Desconocido),"6, 4",9/3/10,25486,17050,14094,"Desconocido, Shadowflame, Rabadon's Deathcap, Luden's Tempest, Amplifying Tome, Desconocido, Stealth Ward",4,4859,16323,10,0,9,21445,19,0,0,0,9,3,1,0,0,0,0,0,1,0,93,444,450,88,22,16,0
LA2_1481235803,992,URF,15.2.652.1536,Red,Red,SoGGeK1ng,Zed,Desconocido (Desconocido),"14, 4",8/4/10,23357,15267,14378,"Desconocido, Eclipse, Edge of Night, Serylda's Grudge, Long Sword, Long Sword, Stealth Ward",5,5532,15187,10,0,8,18427,18,0,0,0,8,4,0,0,0,0,1,0,2,1,109,695,224,140,5,2,0
LA2_1481235803,992,URF,15.2.652.1536,Red,Red,Naxeron,Poppy,Desconocido (Desconocido),"4, 6",8/5/16,17121,19656,13051,"Dead Man's Plate, Eclipse, Fimbulwinter, Plated Steelcaps, Desconocido, Desconocido, Stealth Ward",5,1706,1706,16,0,8,18799,18,0,0,0,8,5,0,0,0,0,0,0,0,0,48,612,335,137,11,6,0
LA2_1481228662,859,URF,15.2.652.1536,Blue,Blue,Thelar,TwistedFate,Desconocido (Desconocido),"4, 3",8/4/7,20675,13083,13989,"Rabadon's Deathcap, Lich Bane, Banshee's Veil, Desconocido, Desconocido, Boots, Stealth Ward",6,6807,11100,7,0,8,18069,17,0,0,0,8,4,0,0,0,0,0,0,2,0,119,179,51,65,12,9,0
LA2_1481228662,859,URF,15.2.652.1536,Blue,Blue,Genzui,Annie,Desconocido (Desconocido),"14, 4",6/8/15,19008,18042,10113,"Doran's Ring, Shadowflame, Desconocido, Sorcerer's Shoes, Needlessly Large Rod, Desconocido, Stealth Ward",3,1088,10230,15,0,6,15948,16,1,1,7,6,8,0,0,0,0,0,0,0,0,36,676,125,162,15,11,0
LA2_1481228662,859,URF,15.2.652.1536,Blue,Blue,Izanagı,Kaisa,Desconocido (Desconocido),"6, 4",10/6/6,20869,16213,13204,"Long Sword, Sorcerer's Shoes, Muramana, Luden's Tempest, Nashor's Tooth, Needlessly Large Rod, Stealth Ward",5,9242,28971,6,0,10,17551,17,0,0,0,10,6,2,1,0,0,1,0,2,0,85,622,0,111,12,10,0
LA2_1481228662,859,URF,15.2.652.1536,Blue,Blue,Naxeron,Ahri,Desconocido (Desconocido),"4, 6",9/7/7,14029,17529,11956,"Doran's Ring, Desconocido, Sorcerer's Shoes, Hextech Alternator, Desconocido, Rabadon's Deathcap, Stealth Ward",6,1635,15140,7,0,9,17021,17,0,0,1,9,7,2,0,0,0,1,0,1,0,55,1928,101,85,17,11,0
LA2_1481228662,859,URF,15.2.652.1536,Blue,Blue,SoGGeK1ng,Rakan,Desconocido (Desconocido),"14, 4",6/9/10,10274,16627,9115,"Desconocido, Shadowflame, Needlessly Large Rod, Needlessly Large Rod, Desconocido, Desconocido, Stealth Ward",2,1941,5575,10,0,6,15818,16,0,1,0,6,9,1,0,0,0,0,0,0,0,22,2527,55,149,5,5,0
LA2_1481228662,859,URF,15.2.652.1536,Blue,Red,Its Glock oClock,Caitlyn,Desconocido (Desconocido),"4, 6",10/10/8,18955,18830,12014,"The Collector, Infinity Edge, Rapid Firecannon, Desconocido, Long Sword, Long Sword, Stealth Ward",3,5432,5832,8,0,10,11503,14,0,0,0,10,10,1,0,0,0,0,0,1,0,87,1505,73,241,4,4,1
LA2_1481228662,859,URF,15.2.652.1536,Blue,Red,,Leblanc,Desconocido (Desconocido),"4, 14",6/7/2,9494,18936,9167,"Shadowflame, Luden's Tempest, Desconocido, Desconocido, Desconocido, Desconocido, Stealth Ward",3,667,1255,2,0,6,12732,14,0,1,5,6,7,1,0,0,0,0,0,0,0,65,237,4,178,18,12,0
LA2_1481228662,859,URF,15.2.652.1536,Blue,Red,Patricio Miranda,Thresh,Desconocido (Desconocido),"4, 14",5/9/13,12962,18721,9900,"Luden's Tempest, Desconocido, Hextech Alternator, Desconocido, Needlessly Large Rod, Sorcerer's Shoes, Stealth Ward",4,591,655,13,0,5,12728,14,0,0,0,5,9,1,0,0,0,0,0,0,0,49,204,129,201,13,12,0
LA2_1481228662,859,URF,15.2.652.1536,Blue,Red,Chamanter,Velkoz,Desconocido (Desconocido),"4, 21",10/8/6,20799,17712,11104,"Luden's Tempest, Sorcerer's Shoes, Shadowflame, Liandry's Anguish, Desconocido, Desconocido, Stealth Ward",5,2354,5530,6,0,10,13663,15,0,0,2,10,8,2,0,0,0,0,0,1,0,77,120,167,173,14,11,0
LA2_1481228662,859,URF,15.2.652.1536,Blue,Red,WVT Calvo,Chogath,Desconocido (Desconocido),"4, 6",3/5/11,10374,16606,11155,"Desconocido, Shadowflame, Desconocido, Desconocido, Desconocido, Desconocido, Stealth Ward",0,3183,14326,11,0,3,14406,15,0,0,3,3,5,0,0,0,0,0,0,1,0,73,1933,351,127,7,5,0
LA2_1481171772,979,URF,15.2.652.1536,Red,Blue,Ivvy,Cassiopeia,Desconocido (Desconocido),"4, 21",6/9/1,20882,28997,10617,"Liandry's Anguish, Rylai's Crystal Scepter, Refillable Potion, Desconocido, Oblivion Orb, Kindlegem, Stealth Ward",2,472,472,1,0,6,12963,14,0,2,2,6,9,0,0,0,0,0,0,0,0,63,1780,485,264,14,10,0
LA2_1481171772,979,URF,15.2.652.1536,Red,Blue,Amazing Yasuno,Jinx,Desconocido (Desconocido),"4, 6",3/9/7,13848,20215,10121,"Doran's Blade, Desconocido, The Collector, Berserker's Greaves, Zeal, Dagger, Stealth Ward",2,5404,15323,7,0,3,15018,16,0,0,2,3,9,0,0,0,0,0,0,1,0,66,1852,41,153,14,9,0
LA2_1481171772,979,URF,15.2.652.1536,Red,Blue,Yautajh,Zeri,Desconocido (Desconocido),"4, 14",8/9/6,25495,21332,13286,"Desconocido, Runaan's Hurricane, Infinity Edge, Navori Quickblades, Desconocido, Berserker's Greaves, Farsight Alteration",2,2513,5795,6,0,8,14844,16,0,0,2,8,9,1,0,0,0,0,0,1,0,99,1691,60,215,20,12,2
LA2_1481171772,979,URF,15.2.652.1536,Red,Blue,Insane KDA,Alistar,Desconocido (Desconocido),"6, 4",4/7/7,8513,35645,9800,"Sunfire Aegis, Fimbulwinter, Desconocido, Boots of Swiftness, Negatron Cloak, Desconocido, Stealth Ward",3,1373,1373,7,0,4,13797,15,0,0,0,4,7,0,0,0,0,0,0,0,0,45,5516,197,109,12,10,0
LA2_1481171772,979,URF,15.2.652.1536,Red,Blue,Oh u so warm OwO,Leona,Desconocido (Desconocido),"4, 6",6/3/10,16195,22528,9862,"Jak'Sho, The Protean, Desconocido, Mercury's Treads, Bramble Vest, Chain Vest, Ruby Crystal, Stealth Ward",6,68,9462,10,0,6,14622,15,0,1,2,6,3,1,0,0,0,1,0,0,0,27,2734,121,78,21,16,2
LA2_1481171772,979,URF,15.2.652.1536,Red,Red,Sątt,Karma,Desconocido (Desconocido),"4, 6",11/5/18,37293,19925,12560,"Shurelya's Battlesong, Desconocido, Luden's Tempest, Desconocido, Aether Wisp, Desconocido, Stealth Ward",3,5229,5229,18,0,11,17482,17,0,0,0,11,5,1,0,0,0,0,0,1,0,51,3213,216,101,18,11,1
LA2_1481171772,979,URF,15.2.652.1536,Red,Red,FerLaTengoReDura,Sett,Desconocido (Desconocido),"4, 14",10/7/10,20248,26027,13160,"Stridebreaker, Blade of The Ruined King, Desconocido, Desconocido, Desconocido, Desconocido, Stealth Ward",3,7246,11238,10,0,10,15844,16,0,0,2,10,7,1,0,0,0,0,0,3,0,77,6540,128,164,9,4,1
LA2_1481171772,979,URF,15.2.652.1536,Red,Red,elmonjemiroku,Yorick,Desconocido (Desconocido),"14, 4",5/6/12,22594,23064,13006,"Spirit Visage, Frozen Heart, Mercury's Treads, Desconocido, Liandry's Anguish, Doran's Shield, Oracle Lens",3,6366,6366,12,0,5,17794,17,0,2,3,5,6,1,0,0,0,0,0,1,0,92,4462,302,90,35,14,4
LA2_1481171772,979,URF,15.2.652.1536,Red,Red,Naxeron,Morgana,Desconocido (Desconocido),"4, 3",2/4/12,16121,23156,11455,"Doran's Ring, Rylai's Crystal Scepter, Liandry's Anguish, Desconocido, Needlessly Large Rod, Desconocido, Stealth Ward",0,5840,31234,12,0,2,14408,15,0,0,0,2,4,0,0,0,0,1,0,0,0,85,5868,336,119,3,1,1
LA2_1481171772,979,URF,15.2.652.1536,Red,Red,Locx1,Nidalee,Desconocido (Desconocido),"4, 6",9/5/16,26677,18625,11852,"Liandry's Anguish, Horizon Focus, Desconocido, Blighting Jewel, Blasting Wand, Desconocido, Stealth Ward",4,2483,13519,16,0,9,17336,17,0,5,5,9,5,0,0,0,0,0,0,1,0,48,10596,1,82,5,4,0
LA2_1481160071,1215,URF,15.2.652.1536,Red,Blue,Lider Thelar,Maokai,Desconocido (Desconocido),"14, 4",6/4/21,21754,44228,14422,"Kindlegem, Heartsteel, Mercury's Treads, Desconocido, Spirit Visage, Thornmail, Eye of the Herald",3,1286,3755,21,1,6,30628,24,0,0,0,6,4,1,0,0,0,0,0,1,0,73,12275,427,76,18,10,1
LA2_1481160071,1215,URF,15.2.652.1536,Red,Blue,Thelar,Alistar,Desconocido (Desconocido),"4, 3",12/9/14,28636,27722,17326,"Rabadon's Deathcap, Void Staff, Null-Magic Mantle, Desconocido, Shadowflame, Sorcerer's Shoes, Stealth Ward",6,2095,3423,14,0,12,28648,23,0,3,0,12,9,1,0,0,0,0,0,1,0,132,4387,136,266,27,16,0
LA2_1481160071,1215,URF,15.2.652.1536,Red,Blue,Genzui,Vayne,Desconocido (Desconocido),"6, 4",15/12/8,33083,30572,16983,"The Collector, Desconocido, Phantom Dancer, Infinity Edge, Guinsoo's Rageblade, Pickaxe, Stealth Ward",7,11560,13826,8,0,15,29281,23,0,0,0,15,12,5,0,0,0,0,0,2,0,105,1758,22,289,32,19,2
LA2_1481160071,1215,URF,15.2.652.1536,Red,Blue,Izanagı,Briar,Desconocido (Desconocido),"14, 4",15/14/10,35992,42417,15382,"Eclipse, Boots of Swiftness, Blade of The Ruined King, Black Cleaver, Death's Dance, Desconocido, Stealth Ward",3,897,1449,10,0,15,27470,22,0,0,0,15,14,4,0,0,0,0,0,0,0,76,19490,123,400,21,16,0
LA2_1481160071,1215,URF,15.2.652.1536,Red,Blue,Naxeron,Malzahar,Desconocido (Desconocido),"4, 3",7/7/20,25573,30020,16173,"Rylai's Crystal Scepter, Sorcerer's Shoes, Liandry's Anguish, Shadowflame, Rabadon's Deathcap, Desconocido, Stealth Ward",3,3474,8297,20,0,7,30384,24,0,0,0,7,7,1,0,0,0,0,0,1,0,117,601,731,199,8,7,0
LA2_1481160071,1215,URF,15.2.652.1536,Red,Red,gato feo,Gwen,Desconocido (Desconocido),"14, 4",15/9/8,64243,38821,19907,"Banshee's Veil, Shadowflame, Desconocido, Void Staff, Rabadon's Deathcap, Desconocido, Oracle Lens",4,7300,34488,8,0,15,33485,26,0,0,1,15,9,1,1,0,0,1,0,1,0,140,4714,163,270,30,8,7
LA2_1481160071,1215,URF,15.2.652.1536,Red,Red,Apocalepse,Shyvana,Desconocido (Desconocido),"6, 4",7/10/6,25237,37965,16712,"Rabadon's Deathcap, Liandry's Anguish, Riftmaker, Desconocido, Void Staff, Desconocido, Stealth Ward",2,18489,63153,6,0,7,29300,23,0,1,0,7,10,1,0,0,0,2,1,5,0,101,1343,23,288,28,16,0
LA2_1481160071,1215,URF,15.2.652.1536,Red,Red,Sheladio Carrion,Ivern,Desconocido (Desconocido),"7, 4",4/13/14,18735,34176,13839,"Rylai's Crystal Scepter, Nashor's Tooth, Redemption, Desconocido, Kindlegem, Desconocido, Farsight Alteration",2,4049,10967,14,0,4,27134,22,0,0,3,4,13,0,0,0,0,0,0,2,0,52,2070,402,382,18,14,1
LA2_1481160071,1215,URF,15.2.652.1536,Red,Red,DemØngHØsT,Lulu,Desconocido (Desconocido),"4, 7",8/12/8,21730,28515,14460,"Nashor's Tooth, Desconocido, Lich Bane, Rabadon's Deathcap, Amplifying Tome, Giant's Belt, Stealth Ward",2,8028,22572,8,0,8,24892,21,0,1,0,8,12,1,0,0,0,0,1,2,1,75,2276,442,354,5,3,0
LA2_1481160071,1215,URF,15.2.652.1536,Red,Red,Tilted Singed,Graves,Desconocido (Desconocido),"4, 6",12/12/5,30286,28856,18685,"The Collector, Desconocido, Lord Dominik's Regards, Infinity Edge, Bloodthirster, Noonquiver, Oracle Lens",5,3762,31921,5,0,12,32056,25,0,12,5,12,12,2,1,0,0,1,0,1,0,126,1557,312,323,29,14,2
LA2_1481150714,1268,URF,15.2.652.1536,Blue,Blue,Tengen Użui,LeeSin,Desconocido (Desconocido),"4, 3",5/12/13,22483,34855,14327,"Desconocido, Ravenous Hydra, Plated Steelcaps, Eclipse, Long Sword, Black Cleaver, Stealth Ward",2,3104,15759,13,0,5,29423,23,0,1,0,5,12,1,0,0,0,0,0,1,0,65,9034,173,363,19,12,2
LA2_1481150714,1268,URF,15.2.652.1536,Blue,Blue,FissK,Jax,Desconocido (Desconocido),"6, 4",8/14/10,25592,47080,14997,"Trinity Force, Desconocido, Mercury's Treads, Blade of The Ruined King, Spirit Visage, Desconocido, Stealth Ward",2,8908,15608,10,0,8,27163,22,0,0,1,8,14,2,0,0,0,0,0,3,0,55,4872,77,477,20,12,0
LA2_1481150714,1268,URF,15.2.652.1536,Blue,Blue,richbøy,Hwei,Desconocido (Desconocido),"4, 21",16/8/8,56919,31226,18566,"Zhonya's Hourglass, Luden's Tempest, Sorcerer's Shoes, Shadowflame, Rabadon's Deathcap, Desconocido, Stealth Ward",4,683,4084,8,0,16,33535,26,0,0,0,16,8,2,0,0,0,1,0,0,0,124,1133,597,241,34,24,0
LA2_1481150714,1268,URF,15.2.652.1536,Blue,Blue,HIMAWAHRI,MonkeyKing,Desconocido (Desconocido),"3, 4",5/11/7,15232,39075,15719,"Maw of Malmortius, Trinity Force, Mercury's Treads, Desconocido, Caulfield's Warhammer, Pickaxe, Stealth Ward",2,15846,15846,7,0,5,29251,23,0,0,0,5,11,0,0,0,0,0,1,4,1,124,3420,41,351,23,13,0
LA2_1481150714,1268,URF,15.2.652.1536,Blue,Blue,Halitow ,Naafiri,Desconocido (Desconocido),"4, 3",13/9/7,28731,32140,18007,"Youmuu's Ghostblade, Desconocido, Plated Steelcaps, Desconocido, Edge of Night, The Collector, Farsight Alteration",5,6604,24053,7,0,13,33770,26,0,1,10,13,9,3,0,0,0,0,0,1,0,129,6291,31,338,17,10,1
LA2_1481150714,1268,URF,15.2.652.1536,Blue,Red,Lider Thelar,Malphite,Desconocido (Desconocido),"3, 4",9/8/10,23764,30528,14495,"Doran's Ring, Desconocido, Luden's Tempest, Desconocido, Desconocido, Void Staff, Stealth Ward",3,566,18901,10,0,9,29667,24,0,0,0,9,8,1,0,0,0,0,0,0,0,70,1552,362,227,30,18,4
LA2_1481150714,1268,URF,15.2.652.1536,Blue,Red,Thelar,Akali,Desconocido (Desconocido),"4, 3",12/9/12,45554,34812,18206,"Riftmaker, Rabadon's Deathcap, Void Staff, Desconocido, Shadowflame, Plated Steelcaps, Stealth Ward",3,5649,21885,12,0,12,30457,24,0,0,0,12,9,1,0,0,0,0,0,0,0,130,2462,63,289,19,10,1
LA2_1481150714,1268,URF,15.2.652.1536,Blue,Red,Genzui,Kaisa,Desconocido (Desconocido),"3, 4",11/10/12,33575,36377,16740,"Desconocido, Infinity Edge, Lord Dominik's Regards, Berserker's Greaves, Bloodthirster, Zeal, Stealth Ward",2,5149,63589,12,0,11,29033,23,0,0,1,11,10,2,0,0,0,1,0,2,0,109,8297,30,277,26,14,1
LA2_1481150714,1268,URF,15.2.652.1536,Blue,Red,Izanagı,Talon,Desconocido (Desconocido),"14, 4",13/12/11,41071,40989,17149,"Desconocido, Serpent's Fang, Youmuu's Ghostblade, Desconocido, Edge of Night, Lord Dominik's Regards, Stealth Ward",3,4979,13784,11,0,13,30507,24,0,0,5,13,12,0,0,0,0,0,0,1,0,105,4079,147,396,16,13,0
LA2_1481150714,1268,URF,15.2.652.1536,Blue,Red,Naxeron,Jayce,Desconocido (Desconocido),"4, 14",9/8/16,29059,28642,16257,"Serpent's Fang, Youmuu's Ghostblade, Eclipse, Desconocido, Serylda's Grudge, Desconocido, Stealth Ward",5,9673,28467,16,1,9,26873,22,0,0,0,9,8,1,0,0,0,2,1,4,0,76,4213,92,272,10,5,2
LA2_1481147369,819,URF,15.2.652.1536,Blue,Blue,Lider Thelar,Orianna,Desconocido (Desconocido),"6, 4",9/3/5,15964,12668,11617,"Doran's Ring, Luden's Tempest, Desconocido, Desconocido, Needlessly Large Rod, Desconocido, Stealth Ward",4,4624,27693,5,0,9,15632,16,0,1,0,9,3,1,0,0,0,0,0,1,0,82,800,157,43,10,7,0
LA2_1481147369,819,URF,15.2.652.1536,Blue,Blue,Thelar,Illaoi,Desconocido (Desconocido),"4, 3",11/4/5,19020,22128,13619,"Desconocido, Trinity Force, Mercury's Treads, Serrated Dirk, Winged Moonplate, Ruby Crystal, Stealth Ward",7,8990,8990,5,0,11,18429,18,0,0,0,11,4,3,0,0,0,0,0,2,0,102,3988,25,94,13,10,0
LA2_1481147369,819,URF,15.2.652.1536,Blue,Blue,Genzui,Seraphine,Desconocido (Desconocido),"6, 4",5/6/3,13172,14194,10603,"Doran's Ring, Desconocido, Mercury's Treads, Rylai's Crystal Scepter, Kindlegem, Spectre's Cowl, Stealth Ward",2,3345,10348,3,0,5,15749,16,0,0,0,5,6,1,0,0,0,1,0,1,0,104,1225,293,123,5,3,0
LA2_1481147369,819,URF,15.2.652.1536,Blue,Blue,Naxeron,Shen,Desconocido (Desconocido),"4, 14",3/7/10,7420,20298,7684,"Heartsteel, Mercury's Treads, Bami's Cinder, Ruby Crystal, Null-Magic Mantle, Rejuvenation Bead, Stealth Ward",2,1003,12934,10,0,3,13897,15,0,0,0,3,7,1,0,0,0,0,0,0,0,20,827,76,121,4,5,0
LA2_1481147369,819,URF,15.2.652.1536,Blue,Blue,Izanagı,Rakan,Desconocido (Desconocido),"6, 4",7/8/10,15264,18692,9187,"Hextech Rocketbelt, Desconocido, Shadowflame, Amplifying Tome, Amplifying Tome, Cloth Armor, Stealth Ward",2,640,640,10,0,7,14027,15,0,0,0,7,8,0,0,0,0,0,0,0,0,31,3215,96,159,13,12,0
LA2_1481147369,819,URF,15.2.652.1536,Blue,Red,JoKeR648,Vladimir,Desconocido (Desconocido),"6, 14",1/4/5,12290,16123,8443,"Desconocido, Doran's Ring, Shadowflame, Needlessly Large Rod, Desconocido, Slightly Magical Footwear, Oracle Lens",0,469,469,5,0,1,12456,14,0,0,0,1,4,0,0,0,0,0,0,0,0,84,8468,66,89,4,0,0
LA2_1481147369,819,URF,15.2.652.1536,Blue,Red,Maikell,Senna,Desconocido (Desconocido),"6, 4",8/6/6,7553,11820,10530,"The Collector, Berserker's Greaves, Infinity Edge, Rapid Firecannon, Desconocido, Desconocido, Stealth Ward",4,1804,3032,6,0,8,11612,14,0,0,1,8,6,0,0,0,0,0,0,1,0,38,3629,204,68,9,8,0
LA2_1481147369,819,URF,15.2.652.1536,Blue,Red,Qwertys,Blitzcrank,Desconocido (Desconocido),"6, 4",10/9/6,18395,17491,9857,"Desconocido, Desconocido, Sorcerer's Shoes, Hextech Alternator, Needlessly Large Rod, Desconocido, Oracle Lens",4,4975,4975,6,0,10,12802,14,0,2,5,10,9,1,0,0,0,0,0,0,0,35,103,129,179,9,8,0
LA2_1481147369,819,URF,15.2.652.1536,Blue,Red,Ban1s,Evelynn,Desconocido (Desconocido),"11, 4",5/7/9,15898,17642,9852,"Desconocido, Shadowflame, Sorcerer's Shoes, Hextech Alternator, Aether Wisp, Desconocido, Stealth Ward",2,0,22494,9,0,5,12057,14,0,3,0,5,7,0,0,0,0,1,0,0,0,57,1631,36,157,15,8,0
LA2_1481147369,819,URF,15.2.652.1536,Blue,Red,Wînd,Brand,Desconocido (Desconocido),"14, 4",4/9/7,19628,16334,9706,"Liandry's Anguish, Sorcerer's Shoes, Rylai's Crystal Scepter, Desconocido, Lost Chapter, Desconocido, Stealth Ward",2,775,775,7,0,4,13517,15,0,0,6,4,9,0,0,0,0,0,0,0,0,84,512,104,206,12,7,0
LA2_1481139733,1058,URF,15.2.652.1536,Red,Blue,Ekinox,Viktor,Desconocido (Desconocido),"14, 4",3/8/4,24850,25572,12720,"Rabadon's Deathcap, Luden's Tempest, Desconocido, Desconocido, Shadowflame, Desconocido, Stealth Ward",0,1301,3006,4,0,3,19605,18,1,5,3,3,8,0,0,0,0,0,0,0,0,126,339,1135,229,10,6,0
LA2_1481139733,1058,URF,15.2.652.1536,Red,Blue,,Tristana,Desconocido (Desconocido),"4, 3",9/13/5,24711,32279,13151,"Long Sword, The Collector, Desconocido, Desconocido, Lord Dominik's Regards, Vampiric Scepter, Stealth Ward",2,1036,1036,5,0,9,20205,18,0,0,0,9,13,0,0,0,0,0,0,0,0,90,4881,90,300,21,10,2
LA2_1481139733,1058,URF,15.2.652.1536,Red,Blue,estoy settado ,TwistedFate,Desconocido (Desconocido),"4, 6",7/15/10,18203,34548,11194,"Doran's Blade, Pickaxe, Blade of The Ruined King, Berserker's Greaves, Kraken Slayer, B. F. Sword, Stealth Ward",0,3153,6609,10,0,7,18103,17,0,0,1,7,15,1,0,0,0,0,0,1,0,33,2864,101,345,11,6,1
LA2_1481139733,1058,URF,15.2.652.1536,Red,Blue,Shikael,MissFortune,Desconocido (Desconocido),"4, 21",8/7/4,20074,22121,13297,"Control Ward, Doran's Blade, Desconocido, Infinity Edge, Lord Dominik's Regards, The Collector, Stealth Ward",3,10266,29389,4,0,8,19360,18,0,0,4,8,7,2,0,0,0,0,0,3,0,78,2408,128,207,28,16,0
LA2_1481139733,1058,URF,15.2.652.1536,Red,Blue,Kumbaya My Lord,Xerath,Desconocido (Desconocido),"4, 6",5/3/6,24864,14900,11719,"Luden's Tempest, Desconocido, Horizon Focus, Shadowflame, Desconocido, Desconocido, Stealth Ward",3,920,6842,6,0,5,18242,17,0,0,1,5,3,1,0,0,0,1,0,0,0,67,476,106,94,22,14,0
LA2_1481139733,1058,URF,15.2.652.1536,Red,Red,T1 Cumayusi,Braum,Desconocido (Desconocido),"4, 6",11/6/11,18785,32728,14074,"Heartsteel, Mercury's Treads, Sunfire Aegis, Desconocido, Wit's End, Tiamat, Stealth Ward",3,7462,12646,11,0,11,23952,20,0,2,3,11,6,2,0,0,0,0,1,2,0,65,2851,183,102,23,16,1
LA2_1481139733,1058,URF,15.2.652.1536,Red,Red,Lider Thelar,Nunu,Desconocido (Desconocido),"3, 4",12/7/5,24075,29119,13565,"Sorcerer's Shoes, Hextech Rocketbelt, Desconocido, Void Staff, Needlessly Large Rod, Desconocido, Stealth Ward",4,355,36221,5,1,12,25705,21,0,0,1,12,7,1,0,0,0,2,0,1,1,56,11256,143,159,19,12,0
LA2_1481139733,1058,URF,15.2.652.1536,Red,Red,Izanagı,Varus,Desconocido (Desconocido),"6, 4",8/3/9,34426,21959,14303,"Youmuu's Ghostblade, Boots of Swiftness, Edge of Night, Serylda's Grudge, Long Sword, Long Sword, Farsight Alteration",4,10119,41146,9,0,8,25327,21,0,0,0,8,3,0,0,0,0,0,1,3,0,102,2161,256,67,13,11,0
LA2_1481139733,1058,URF,15.2.652.1536,Red,Red,Naxeron,Vladimir,Desconocido (Desconocido),"4, 14",1/7/5,10297,35496,12790,"Cosmic Drive, Sorcerer's Shoes, Rabadon's Deathcap, Hextech Alternator, Amplifying Tome, Desconocido, Stealth Ward",0,8177,19128,5,0,1,23398,20,0,0,0,1,7,0,0,0,0,0,1,3,0,90,21977,58,161,9,5,0
LA2_1481139733,1058,URF,15.2.652.1536,Red,Red,kim chaewonn,Nautilus,Desconocido (Desconocido),"14, 4",14/9/7,32925,22460,16568,"Desconocido, Shadowflame, Sorcerer's Shoes, Rabadon's Deathcap, Blighting Jewel, Desconocido, Stealth Ward",5,12690,18791,7,0,14,24414,21,0,0,0,14,9,0,0,0,0,0,0,2,0,115,1635,390,239,10,6,1
LA2_1481135143,1242,URF,15.2.652.1536,Blue,Blue,L0RDPAD,Taliyah,Desconocido (Desconocido),"14, 4",8/11/9,28828,27383,16737,"Luden's Tempest, Shadowflame, Desconocido, Rabadon's Deathcap, Void Staff, Aether Wisp, Stealth Ward",2,7473,21221,9,0,8,26883,22,0,0,1,8,11,1,0,0,0,2,0,3,0,104,771,490,361,22,12,1
LA2_1481135143,1242,URF,15.2.652.1536,Blue,Blue,3th PraGOD,Hecarim,Desconocido (Desconocido),"6, 14",12/7/9,32683,37248,16115,"Eclipse, Youmuu's Ghostblade, Trinity Force, Desconocido, The Collector, Serrated Dirk, Stealth Ward",5,13159,43423,9,0,12,27021,22,1,1,0,12,7,1,0,0,0,0,0,4,1,90,10874,85,270,20,11,1
LA2_1481135143,1242,URF,15.2.652.1536,Blue,Blue,chimu carries u,Karma,Desconocido (Desconocido),"4, 14",10/7/16,23280,50542,16240,"Fimbulwinter, Desconocido, Desconocido, Abyssal Mask, Desconocido, Negatron Cloak, Stealth Ward",3,4760,13722,16,0,10,28055,23,0,0,8,10,7,0,0,0,0,0,0,0,0,67,12593,262,216,9,4,2
LA2_1481135143,1242,URF,15.2.652.1536,Blue,Blue,T1 Leona Rhoades,Khazix,Desconocido (Desconocido),"4, 6",10/11/6,25655,34875,16999,"Desconocido, Youmuu's Ghostblade, Serrated Dirk, Edge of Night, Serylda's Grudge, Eclipse, Stealth Ward",4,4545,54634,6,1,10,28704,23,0,2,8,10,11,0,0,0,0,2,1,1,0,103,7406,330,251,24,12,2
LA2_1481135143,1242,URF,15.2.652.1536,Blue,Blue,ekep54,Sett,Desconocido (Desconocido),"4, 6",4/8/10,18227,32717,14705,"Blade of The Ruined King, Maw of Malmortius, Caulfield's Warhammer, Mercury's Treads, Black Cleaver, Long Sword, Stealth Ward",0,8566,49508,10,0,4,28845,23,0,0,1,4,8,0,0,0,0,0,0,2,0,95,7903,131,241,32,20,2
LA2_1481135143,1242,URF,15.2.652.1536,Blue,Red,Lider Thelar,Vi,Desconocido (Desconocido),"3, 4",11/12/5,30212,32551,14943,"The Collector, Eclipse, Serpent's Fang, Serylda's Grudge, Pickaxe, B. F. Sword, Stealth Ward",3,3282,3282,5,0,11,29432,23,0,0,0,11,12,1,0,0,0,0,1,1,0,78,1309,145,307,31,19,0
LA2_1481135143,1242,URF,15.2.652.1536,Blue,Red,Thelar,Blitzcrank,Desconocido (Desconocido),"4, 3",6/7/11,22280,25284,14276,"Ruby Crystal, Lich Bane, Void Staff, Desconocido, Shadowflame, Boots, Farsight Alteration",3,1527,1527,11,0,6,25190,21,0,0,0,6,7,1,0,0,0,0,0,1,0,60,487,204,188,10,8,1
LA2_1481135143,1242,URF,15.2.652.1536,Blue,Red,Genzui,Malphite,Desconocido (Desconocido),"14, 4",10/5/2,24752,16605,14647,"Lich Bane, Shadowflame, Sorcerer's Shoes, Void Staff, Needlessly Large Rod, Desconocido, Stealth Ward",5,7084,7084,2,0,10,18927,18,0,0,2,10,5,0,0,0,0,0,0,2,0,83,480,439,101,18,11,0
LA2_1481135143,1242,URF,15.2.652.1536,Blue,Red,Izanagı,Jinx,Desconocido (Desconocido),"6, 4",7/10/9,32341,26550,15149,"Desconocido, Infinity Edge, Berserker's Greaves, Lord Dominik's Regards, Runaan's Hurricane, Vampiric Scepter, Farsight Alteration",2,714,1682,9,0,7,26494,22,0,0,0,7,10,1,0,0,0,0,0,0,0,125,2285,78,273,20,15,0
LA2_1481135143,1242,URF,15.2.652.1536,Blue,Red,Naxeron,Kayle,Desconocido (Desconocido),"4, 14",10/11/8,30651,37462,16599,"Nashor's Tooth, Berserker's Greaves, Lich Bane, Rabadon's Deathcap, Shadowflame, Desconocido, Oracle Lens",3,7478,9452,8,0,10,28395,23,0,0,2,10,11,1,0,0,0,0,0,1,0,104,17249,242,291,20,10,0
LA2_1478377487,715,ARAM,15.1.649.4112,Red,Blue,benji253,Zeri,Desconocido (Desconocido),"4, 6",8/7/7,15641,12208,8684,"Desconocido, Mercury's Treads, Runaan's Hurricane, Vampiric Scepter, Pickaxe, Desconocido, Poro-Snax",3,0,0,7,0,8,9148,12,0,0,0,8,7,3,1,0,0,0,0,0,0,46,780,43,125,0,0,0
LA2_1478377487,715,ARAM,15.1.649.4112,Red,Blue,OrcaInvisible,Kaisa,Desconocido (Desconocido),"4, 6",9/4/10,15506,8557,9562,"Nashor's Tooth, Refillable Potion, Tear of the Goddess, Horizon Focus, Liandry's Anguish, Desconocido, Desconocido",5,0,0,10,0,9,10839,13,0,0,0,9,4,2,0,0,0,0,0,0,0,27,1175,26,88,0,0,0
LA2_1478377487,715,ARAM,15.1.649.4112,Red,Blue,aIL2XgPZtv,LeeSin,Desconocido (Desconocido),"6, 4",4/7/16,8023,17313,7528,"Desconocido, Boots, Caulfield's Warhammer, Desconocido, Executioner's Calling, Pickaxe, Poro-Snax",2,0,0,16,0,4,9517,12,0,0,3,4,7,1,0,0,0,0,0,0,0,12,2758,59,166,0,0,0
LA2_1478377487,715,ARAM,15.1.649.4112,Red,Blue,Honaline,Varus,Desconocido (Desconocido),"4, 6",1/5/9,7062,6715,6373,"The Collector, Tear of the Goddess, Ionian Boots of Lucidity, Desconocido, Desconocido, Desconocido, Poro-Snax",0,0,0,9,0,1,6142,10,0,0,0,1,5,0,0,0,0,0,0,0,0,5,342,103,91,0,0,0
LA2_1478377487,715,ARAM,15.1.649.4112,Red,Blue,Naxeron,Smolder,Desconocido (Desconocido),"4, 6",2/11/18,15505,15756,7505,"Muramana, Trinity Force, Ionian Boots of Lucidity, Desconocido, Desconocido, Desconocido, Poro-Snax",2,0,0,18,0,2,9630,12,0,0,0,2,11,0,0,0,0,0,0,0,0,34,819,101,212,0,0,0
LA2_1478377487,715,ARAM,15.1.649.4112,Red,Red,ADIICT0,Nunu,Desconocido (Desconocido),"4, 32",8/7/17,12604,16107,8259,"Desconocido, Boots of Swiftness, Randuin's Omen, Ruby Crystal, Desconocido, Desconocido, Poro-Snax",3,212,212,17,0,8,9219,12,0,0,0,8,7,1,0,0,0,0,0,0,0,21,4757,137,144,0,0,0
LA2_1478377487,715,ARAM,15.1.649.4112,Red,Red,Lucy Steampunk,Nidalee,Desconocido (Desconocido),"32, 4",8/2/20,11230,8721,9354,"Luden's Tempest, Refillable Potion, Sorcerer's Shoes, Desconocido, Desconocido, Desconocido, Poro-Snax",7,1270,1270,20,0,8,10942,13,0,0,0,8,2,1,0,0,0,0,0,0,0,27,6372,0,47,0,0,0
LA2_1478377487,715,ARAM,15.1.649.4112,Red,Red,xerp,Karma,Desconocido (Desconocido),"4, 6",5/5/22,11020,13069,8043,"Desconocido, Refillable Potion, Ionian Boots of Lucidity, Moonstone Renewer, Faerie Charm, Faerie Charm, Poro-Snax",2,1310,1310,22,0,5,10699,13,0,0,1,5,5,0,0,0,0,0,0,1,0,18,1941,73,103,0,0,0
LA2_1478377487,715,ARAM,15.1.649.4112,Red,Red,Natore,Mordekaiser,Desconocido (Desconocido),"32, 4",7/6/17,11276,19617,8964,"Rylai's Crystal Scepter, Plated Steelcaps, Refillable Potion, Dead Man's Plate, Amplifying Tome, Desconocido, Poro-Snax",2,2265,2265,17,0,7,10135,13,0,0,0,7,6,1,0,0,0,0,0,0,0,31,4201,206,119,0,0,0
LA2_1478377487,715,ARAM,15.1.649.4112,Red,Red,GalaxyGaymmer,Aatrox,Desconocido (Desconocido),"32, 4",6/4/16,12933,15589,8990,"Eclipse, Boots, Desconocido, Desconocido, Desconocido, Desconocido, Poro-Snax",3,242,242,16,0,6,10710,13,0,0,3,6,4,0,0,0,0,0,0,0,0,37,6795,112,82,0,0,0
LA2_1474180855,1111,CLASSIC,14.24.644.2327,Blue,Blue,Benito Cämelö,TahmKench,Desconocido (Desconocido),"4, 12",3/2/2,15995,19863,6631,"Doran's Shield, Heartsteel, Null-Magic Mantle, Refillable Potion, Boots, Desconocido, Stealth Ward",2,1787,3535,2,0,3,9636,12,0,0,0,3,2,1,0,0,0,0,0,0,0,124,6259,152,48,9,5,0
LA2_1474180855,1111,CLASSIC,14.24.644.2327,Blue,Blue,ThÙrRÌThÒ,Khazix,Desconocido (Desconocido),"4, 11",4/2/0,4481,19510,7155,"Desconocido, Youmuu's Ghostblade, Ionian Boots of Lucidity, Serrated Dirk, Desconocido, Desconocido, Oracle Lens",3,0,17760,0,0,4,7137,10,0,0,2,4,2,0,0,0,0,1,0,0,0,20,12997,74,45,19,4,3
LA2_1474180855,1111,CLASSIC,14.24.644.2327,Blue,Blue,JunglaGankeame,Annie,Desconocido (Desconocido),"4, 12",4/1/1,9231,6500,8400,"Doran's Ring, Desconocido, Dark Seal, Sorcerer's Shoes, Aether Wisp, Hextech Alternator, Stealth Ward",3,4513,6049,1,0,4,11022,13,0,0,7,4,1,0,0,0,0,0,0,1,0,153,392,159,28,5,3,1
LA2_1474180855,1111,CLASSIC,14.24.644.2327,Blue,Blue,,Ezreal,Desconocido (Desconocido),"21, 4",6/4/3,14058,13525,8118,"Doran's Blade, Manamune, Trinity Force, Ionian Boots of Lucidity, Long Sword, Long Sword, Farsight Alteration",5,2215,2215,3,0,6,8180,11,0,3,1,6,4,0,0,0,0,0,0,1,0,136,2530,0,76,6,4,1
LA2_1474180855,1111,CLASSIC,14.24.644.2327,Blue,Blue,Ghobs2323,Lux,Desconocido (Desconocido),"3, 4",3/6/3,8757,8927,5287,"Desconocido, Desconocido, Sorcerer's Shoes, Amplifying Tome, Amplifying Tome, Desconocido, Oracle Lens",0,686,686,3,0,3,5462,9,0,0,9,3,6,0,0,0,0,0,0,0,0,11,346,88,108,27,11,3
LA2_1474180855,1111,CLASSIC,14.24.644.2327,Blue,Red,Naxeron,Ornn,Desconocido (Desconocido),"4, 12",0/2/1,12127,15350,5398,"Doran's Shield, Sunfire Aegis, Mercury's Treads, Cloth Armor, Cloth Armor, Desconocido, Stealth Ward",0,1374,2624,1,0,0,7884,11,0,0,1,0,2,0,0,0,0,0,0,0,0,109,2223,352,16,10,3,0
LA2_1474180855,1111,CLASSIC,14.24.644.2327,Blue,Red,Kechup,Rengar,Desconocido (Desconocido),"4, 11",1/4/3,5206,18045,5451,"Desconocido, Ionian Boots of Lucidity, Long Sword, Desconocido, Scorchclaw Pup, Desconocido, Oracle Lens",0,0,12034,3,0,1,6046,9,1,6,2,1,4,0,0,0,0,1,0,0,0,4,10519,235,95,13,3,0
LA2_1474180855,1111,CLASSIC,14.24.644.2327,Blue,Red,,Zoe,Desconocido (Desconocido),"4, 14",4/6/0,11812,14588,7064,"Desconocido, Hextech Alternator, Aether Wisp, Luden's Tempest, Sorcerer's Shoes, Desconocido, Oracle Lens",3,1441,1441,0,0,4,8801,12,0,1,1,4,6,0,0,0,0,0,0,0,0,128,632,73,135,17,6,0
LA2_1474180855,1111,CLASSIC,14.24.644.2327,Blue,Red,Genzui,Tristana,Desconocido (Desconocido),"21, 4",7/3/1,13560,12082,8529,"Doran's Blade, Infinity Edge, Phantom Dancer, Berserker's Greaves, Desconocido, Desconocido, Stealth Ward",4,2787,2787,1,0,7,7501,11,0,0,1,7,3,2,0,0,0,0,0,1,0,105,2699,67,65,8,5,0
LA2_1474180855,1111,CLASSIC,14.24.644.2327,Blue,Red,Thelar,Blitzcrank,Desconocido (Desconocido),"4, 14",2/5/6,4736,10714,5163,"Desconocido, Desconocido, Control Ward, Desconocido, Desconocido, Desconocido, Oracle Lens",0,0,0,6,0,2,5396,9,0,4,1,2,5,0,0,0,0,0,0,0,0,15,147,43,83,27,13,3
LA2_1474160307,1941,CLASSIC,14.24.644.2327,Red,Blue,Nikøh,Sett,Desconocido (Desconocido),"4, 12",8/7/5,26984,34518,13169,"Blade of The Ruined King, Stridebreaker, Hullbreaker, Desconocido, Ruby Crystal, Plated Steelcaps, Oracle Lens",5,11123,16170,5,0,8,14651,15,0,0,3,8,7,1,0,0,0,0,0,3,0,180,6380,298,193,11,4,1
LA2_1474160307,1941,CLASSIC,14.24.644.2327,Red,Blue,,Lux,Desconocido (Desconocido),"12, 4",9/13/6,24257,25867,11719,"Luden's Tempest, Sorcerer's Shoes, Desconocido, Rabadon's Deathcap, Desconocido, Desconocido, Stealth Ward",4,289,603,6,0,9,14509,15,0,3,1,9,13,1,0,0,0,0,0,0,0,161,1276,371,382,25,12,4
LA2_1474160307,1941,CLASSIC,14.24.644.2327,Red,Blue,Genzui,Vi,Desconocido (Desconocido),"11, 4",5/11/14,30884,43962,11106,"Spear Of Shojin, Eclipse, Trinity Force, Ionian Boots of Lucidity, Desconocido, Desconocido, Oracle Lens",3,0,11600,14,0,5,13161,15,0,1,9,5,11,0,0,0,0,1,0,0,0,17,13716,299,396,14,0,3
LA2_1474160307,1941,CLASSIC,14.24.644.2327,Red,Blue,Naxeron,Nilah,Desconocido (Desconocido),"4, 21",6/9/8,20321,38491,11826,"Doran's Blade, Berserker's Greaves, The Collector, Infinity Edge, Immortal Shieldbow, Cloak of Agility, Farsight Alteration",2,275,1638,8,0,6,13596,15,4,0,2,6,9,0,0,0,0,0,0,0,0,181,10715,77,290,14,9,2
LA2_1474160307,1941,CLASSIC,14.24.644.2327,Red,Blue,Thelar,Zilean,Desconocido (Desconocido),"4, 14",4/6/15,17424,27023,10505,"Luden's Tempest, Desconocido, Needlessly Large Rod, Dark Seal, Seraph's Embrace, Ionian Boots of Lucidity, Oracle Lens",2,0,1263,15,0,4,13562,15,0,0,0,4,6,0,0,0,0,0,0,0,0,60,12002,164,221,70,26,9
LA2_1474160307,1941,CLASSIC,14.24.644.2327,Red,Red,thelittlebaus,Volibear,Desconocido (Desconocido),"4, 12",4/9/9,25884,49795,14046,"Hextech Rocketbelt, Cosmic Drive, Boots of Swiftness, Spirit Visage, Navori Quickblades, Tear of the Goddess, Farsight Alteration",2,6435,10919,9,0,4,17443,17,0,0,0,4,9,0,0,0,0,0,0,4,0,236,10918,411,319,20,8,1
LA2_1474160307,1941,CLASSIC,14.24.644.2327,Red,Red,Cal Scruby,Nunu,Desconocido (Desconocido),"11, 4",7/10/19,30356,48775,14239,"Sorcerer's Shoes, Rabadon's Deathcap, Hextech Rocketbelt, Shadowflame, Blighting Jewel, Blasting Wand, Oracle Lens",2,2965,23278,19,0,7,16986,17,0,2,13,7,10,1,0,0,0,1,0,1,0,38,24959,371,305,29,6,3
LA2_1474160307,1941,CLASSIC,14.24.644.2327,Red,Red,Empress of Ks,Qiyana,Desconocido (Desconocido),"4, 14",25/4/2,45570,27070,17748,"Serylda's Grudge, Desconocido, Youmuu's Ghostblade, Ionian Boots of Lucidity, Edge of Night, Desconocido, Oracle Lens",13,7844,15742,2,0,25,17960,17,0,0,6,25,4,5,1,1,0,1,1,2,0,183,4089,183,159,17,4,3
LA2_1474160307,1941,CLASSIC,14.24.644.2327,Red,Red,Hoshimachi Dino,Jhin,Desconocido (Desconocido),"4, 6",7/3/8,24267,19856,13555,"The Collector, Infinity Edge, Boots of Swiftness, Lord Dominik's Regards, Zeal, Dagger, Farsight Alteration",4,10877,27065,8,0,7,15605,16,0,1,51,7,3,0,0,0,0,1,1,3,1,199,7446,215,75,29,12,1
LA2_1474160307,1941,CLASSIC,14.24.644.2327,Red,Red,Nakiri Parla,Karma,Desconocido (Desconocido),"7, 4",2/7/19,16018,20545,9034,"Desconocido, Ionian Boots of Lucidity, Imperial Mandate, Desconocido, Aether Wisp, Bandleglass Mirror, Oracle Lens",2,1021,2021,19,0,2,11523,14,0,0,1,2,7,0,0,0,0,0,0,0,0,29,3832,135,217,65,26,7
LA2_1473805833,1456,CLASSIC,14.24.644.2327,Red,Blue,Widdex,Trundle,Desconocido (Desconocido),"6, 12",4/7/1,12863,32154,8973,"Null-Magic Mantle, Ravenous Hydra, Trinity Force, Long Sword, Boots, Dagger, Farsight Alteration",3,4919,4919,1,0,4,11370,13,0,0,2,4,7,0,0,0,0,0,0,1,0,147,8959,194,247,11,7,1
LA2_1473805833,1456,CLASSIC,14.24.644.2327,Red,Blue,Thelar,Nocturne,Desconocido (Desconocido),"4, 11",9/6/2,12847,31575,11497,"Desconocido, Desconocido, Serrated Dirk, Desconocido, Axiom Arc, Ionian Boots of Lucidity, Oracle Lens",7,3953,30048,2,0,9,12915,14,0,0,0,9,6,2,0,0,0,1,0,1,0,38,15350,458,172,18,4,1
LA2_1473805833,1456,CLASSIC,14.24.644.2327,Red,Blue,Lider Thelar,Akali,Desconocido (Desconocido),"12, 4",6/7/5,10417,21053,7482,"Doran's Shield, Sorcerer's Shoes, Lich Bane, Hextech Alternator, Aether Wisp, Desconocido, Stealth Ward",5,0,0,5,0,6,7393,11,0,1,1,6,7,2,0,0,0,0,0,0,0,78,454,42,151,12,6,1
LA2_1473805833,1456,CLASSIC,14.24.644.2327,Red,Blue,Maining Irelia,Xayah,Desconocido (Desconocido),"4, 21",3/14/8,12728,26634,8331,"Navori Quickblades, Essence Reaver, Berserker's Greaves, Control Ward, Pickaxe, Cloak of Agility, Farsight Alteration",2,7271,8935,8,0,3,8201,11,0,1,1,3,14,0,0,0,0,0,0,1,0,118,673,11,329,10,7,1
LA2_1473805833,1456,CLASSIC,14.24.644.2327,Red,Blue,Naxeron,Lux,Desconocido (Desconocido),"4, 14",3/7/10,11865,15213,8327,"Luden's Tempest, Desconocido, Ionian Boots of Lucidity, Desconocido, Amplifying Tome, Desconocido, Oracle Lens",0,75,4475,10,0,3,8356,11,0,0,4,3,7,0,0,0,0,0,0,0,0,77,138,283,135,42,17,5
LA2_1473805833,1456,CLASSIC,14.24.644.2327,Red,Red,La MAMÁ De VLADI,Vladimir,Desconocido (Desconocido),"14, 4",3/5/1,11345,18292,9982,"Control Ward, Sorcerer's Shoes, Desconocido, Oblivion Orb, Needlessly Large Rod, Needlessly Large Rod, Farsight Alteration",2,4494,4494,1,0,3,13229,15,1,69,16,3,5,0,0,0,0,0,0,2,0,168,17792,136,127,18,9,1
LA2_1473805833,1456,CLASSIC,14.24.644.2327,Red,Red,,Viego,Desconocido (Desconocido),"4, 11",9/6/6,13481,26386,10160,"Kraken Slayer, Trinity Force, Mercury's Treads, Long Sword, Long Sword, Desconocido, Oracle Lens",5,1124,30477,6,1,9,12284,14,5,0,6,9,6,1,0,0,0,2,0,0,1,11,13626,151,134,17,4,3
LA2_1473805833,1456,CLASSIC,14.24.644.2327,Red,Red,CbastianCtm,Viktor,Desconocido (Desconocido),"4, 12",7/3/9,27766,14971,10820,"Sorcerer's Shoes, Luden's Tempest, Lich Bane, Doran's Ring, Hextech Alternator, Desconocido, Stealth Ward",4,6014,7350,9,0,7,13774,15,0,0,9,7,3,0,0,0,0,0,0,2,0,159,2688,139,94,13,7,1
LA2_1473805833,1456,CLASSIC,14.24.644.2327,Red,Red,MW StarrySky,Corki,Desconocido (Desconocido),"4, 21",15/5/10,32217,19038,15020,"Trinity Force, Plated Steelcaps, Muramana, Rapid Firecannon, Lord Dominik's Regards, Doran's Blade, Farsight Alteration",10,11141,24204,10,0,15,13790,15,0,1,11,15,5,3,0,0,0,0,2,5,0,199,4489,28,66,23,7,1
LA2_1473805833,1456,CLASSIC,14.24.644.2327,Red,Red,Riftwalk,Leona,Desconocido (Desconocido),"4, 14",6/6/21,13496,20315,10226,"Desconocido, Locket of the Iron Solari, Plated Steelcaps, Knight's Vow, Bramble Vest, Desconocido, Oracle Lens",3,793,2514,21,0,6,11635,14,0,0,0,6,6,0,0,0,0,0,0,0,0,15,3016,86,108,49,20,4
LA2_1473087506,2020,CLASSIC,14.24.644.2327,Red,Blue,Izanagı,DrMundo,Desconocido (Desconocido),"12, 4",2/12/4,26585,71059,10093,"Heartsteel, Spirit Visage, Desconocido, Boots of Swiftness, Long Sword, Desconocido, Stealth Ward",0,4290,4290,4,0,2,12813,14,0,0,1,2,12,0,0,0,0,0,0,1,0,167,13725,305,426,21,11,3
LA2_1473087506,2020,CLASSIC,14.24.644.2327,Red,Blue,HeavyMurderer02,Shaco,Desconocido (Desconocido),"4, 11",12/6/3,17791,32738,12660,"Infinity Edge, Youmuu's Ghostblade, Boots of Swiftness, The Collector, Pickaxe, Desconocido, Oracle Lens",4,1,1,3,0,12,13388,15,1,0,1,12,6,0,0,0,0,0,0,0,0,39,11717,918,230,16,2,3
LA2_1473087506,2020,CLASSIC,14.24.644.2327,Red,Blue,Hangee Zoë,Orianna,Desconocido (Desconocido),"21, 4",9/13/8,26848,35185,13068,"Rabadon's Deathcap, Seraph's Embrace, Sorcerer's Shoes, Fiendish Codex, Desconocido, Fiendish Codex, Stealth Ward",3,1790,1790,8,0,9,16380,16,0,0,13,9,13,0,0,0,0,0,0,1,0,204,2833,362,348,21,13,1
LA2_1473087506,2020,CLASSIC,14.24.644.2327,Red,Blue,Naxeron,Xayah,Desconocido (Desconocido),"4, 21",6/9/8,21195,30361,13038,"Navori Quickblades, Essence Reaver, Berserker's Greaves, Lord Dominik's Regards, Cloak of Agility, Pickaxe, Farsight Alteration",3,2278,2278,8,0,6,14397,15,1,2,6,6,9,1,0,0,0,0,0,0,0,235,5453,51,312,24,11,1
LA2_1473087506,2020,CLASSIC,14.24.644.2327,Red,Blue,Thelar,TahmKench,Desconocido (Desconocido),"4, 3",1/12/11,19013,55264,8032,"Cloth Armor, Desconocido, Desconocido, Fiendish Codex, Heartsteel, Mercury's Treads, Oracle Lens",0,458,458,11,0,1,10274,13,0,0,1,1,12,0,0,0,0,0,0,0,0,34,9089,231,353,51,20,5
LA2_1473087506,2020,CLASSIC,14.24.644.2327,Red,Red,AtomicMoomin,Poppy,Desconocido (Desconocido),"12, 4",5/2/18,58834,31906,14259,"Sunfire Aegis, Plated Steelcaps, Fimbulwinter, Spirit Visage, Bramble Vest, Desconocido, Stealth Ward",4,4934,4934,18,0,5,19443,18,0,1,0,5,2,0,0,0,0,0,1,1,0,224,12698,908,45,25,10,2
LA2_1473087506,2020,CLASSIC,14.24.644.2327,Red,Red,foxis,FiddleSticks,Desconocido (Desconocido),"4, 11",15/3/15,39569,38532,16311,"Zhonya's Hourglass, Morellonomicon, Sorcerer's Shoes, Liandry's Anguish, Desconocido, Blighting Jewel, Scarecrow Effigy",9,496,58360,15,0,15,17842,17,1,5,2,15,3,3,0,0,0,3,0,1,0,32,29747,1020,68,84,3,7
LA2_1473087506,2020,CLASSIC,14.24.644.2327,Red,Red,delfos 54,Katarina,Desconocido (Desconocido),"12, 4",14/10/9,38171,34359,14660,"Sorcerer's Shoes, Liandry's Anguish, Lich Bane, Shadowflame, Rabadon's Deathcap, Desconocido, Stealth Ward",3,5662,11647,9,0,14,16045,16,0,3,6,14,10,0,0,0,0,1,0,3,0,156,5841,42,327,21,11,2
LA2_1473087506,2020,CLASSIC,14.24.644.2327,Red,Red,Shúra,MissFortune,Desconocido (Desconocido),"4, 21",13/10/5,39556,28347,13521,"Berserker's Greaves, Infinity Edge, The Collector, Lord Dominik's Regards, Rapid Firecannon, Desconocido, Stealth Ward",3,7072,7072,5,0,13,13359,15,0,0,0,13,10,3,0,0,0,0,0,1,0,186,5720,92,323,14,8,2
LA2_1473087506,2020,CLASSIC,14.24.644.2327,Red,Red,Tusi Kario,Rell,Desconocido (Desconocido),"14, 4",5/5/23,18114,27415,11137,"Desconocido, Turbo Chemtank, Chain Vest, Ruby Crystal, Thornmail, Mercury's Treads, Oracle Lens",2,2733,5958,23,0,5,14206,15,2,20,3,5,5,1,0,0,0,0,1,2,1,51,9021,223,121,93,34,9
LA2_1473072095,1914,CLASSIC,14.24.644.2327,Red,Blue,HeavyMurderer02,KSante,Desconocido (Desconocido),"4, 12",2/14/13,17623,46576,8610,"Doran's Shield, Iceborn Gauntlet, Plated Steelcaps, Desconocido, Desconocido, Desconocido, Oracle Lens",0,2064,2345,13,0,2,11967,14,0,0,3,2,14,0,0,0,0,0,0,1,0,113,4223,1645,408,19,9,3
LA2_1473072095,1914,CLASSIC,14.24.644.2327,Red,Blue,Izanagı,Kayn,Desconocido (Desconocido),"11, 14",11/9/10,39762,53112,13276,"Death's Dance, Eclipse, Mercury's Treads, Black Cleaver, Desconocido, Pickaxe, Oracle Lens",4,0,20218,10,0,11,14356,15,0,0,0,11,9,1,0,0,0,0,0,0,0,36,26228,399,352,19,2,5
LA2_1473072095,1914,CLASSIC,14.24.644.2327,Red,Blue,delfos 54,Aurora,Desconocido (Desconocido),"12, 4",8/7/12,48749,34082,13021,"Cosmic Drive, Liandry's Anguish, Sorcerer's Shoes, Desconocido, Needlessly Large Rod, Needlessly Large Rod, Stealth Ward",3,2058,2399,12,0,8,14721,16,1,5,12,8,7,2,0,0,0,0,0,0,0,202,8375,326,308,25,12,5
LA2_1473072095,1914,CLASSIC,14.24.644.2327,Red,Blue,Naxeron,Tristana,Desconocido (Desconocido),"4, 21",8/10/7,17755,29656,13665,"Lord Dominik's Regards, The Collector, Berserker's Greaves, Navori Quickblades, Cloak of Agility, B. F. Sword, Stealth Ward",2,5874,7773,7,0,8,13378,15,1,1,1,8,10,0,0,0,0,0,0,2,0,172,3231,94,320,16,10,1
LA2_1473072095,1914,CLASSIC,14.24.644.2327,Red,Blue,Thelar,Thresh,Desconocido (Desconocido),"4, 14",1/15/17,12349,33938,7624,"Desconocido, Desconocido, Desconocido, Thornmail, Warmog's Armor, Ionian Boots of Lucidity, Oracle Lens",0,0,386,17,0,1,11255,13,0,1,0,1,15,0,0,0,0,0,0,0,0,26,1756,176,309,52,22,8
LA2_1473072095,1914,CLASSIC,14.24.644.2327,Red,Red,ElHombreWeant,Volibear,Desconocido (Desconocido),"12, 4",17/6/14,53387,55794,17105,"Spirit Visage, Ionian Boots of Lucidity, Iceborn Gauntlet, Riftmaker, Desconocido, Thornmail, Stealth Ward",6,13341,16092,14,0,17,19223,18,0,0,2,17,6,2,0,0,0,0,1,6,0,212,26249,2358,208,23,11,1
LA2_1473072095,1914,CLASSIC,14.24.644.2327,Red,Red,Ornn Pride,Aatrox,Desconocido (Desconocido),"11, 4",6/7/14,20948,49384,11744,"Desconocido, Eclipse, Refillable Potion, Mercury's Treads, Death's Dance, Desconocido, Stealth Ward",2,2291,38225,14,1,6,14348,15,0,0,4,6,7,1,0,0,0,4,0,0,0,29,31503,255,235,26,12,2
LA2_1473072095,1914,CLASSIC,14.24.644.2327,Red,Red,Waifu Barata,Galio,Desconocido (Desconocido),"12, 4",6/6/18,34782,27612,10820,"Shadowflame, Stopwatch, Desconocido, Sorcerer's Shoes, Desconocido, Desconocido, Oracle Lens",2,813,6290,18,0,6,13770,15,0,0,3,6,6,0,0,0,0,0,0,0,0,124,4516,124,251,14,2,2
LA2_1473072095,1914,CLASSIC,14.24.644.2327,Red,Red,Josu,Jhin,Desconocido (Desconocido),"4, 1",23/3/10,46662,22790,17615,"Rapid Firecannon, Mortal Reminder, Infinity Edge, Boots of Swiftness, Bloodthirster, The Collector, Farsight Alteration",10,6596,29024,10,0,23,15253,16,0,16,14,23,3,6,0,0,0,0,1,2,0,202,8371,197,125,27,12,0
LA2_1473072095,1914,CLASSIC,14.24.644.2327,Red,Red,Xaroó,Leona,Desconocido (Desconocido),"14, 4",3/8/27,15222,31373,9552,"Desconocido, Locket of the Iron Solari, Plated Steelcaps, Dead Man's Plate, Ruby Crystal, Crystalline Bracer, Oracle Lens",0,627,2420,27,0,3,11879,14,0,0,6,3,8,0,0,0,0,0,0,1,0,35,8131,173,180,86,34,11
LA2_1473058221,1914,CLASSIC,14.24.644.2327,Red,Blue,PiscolaSublime,Maokai,Desconocido (Desconocido),"12, 4",10/3/7,27388,44546,13384,"Thornmail, Desconocido, Fimbulwinter, Plated Steelcaps, Spirit Visage, Giant's Belt, Stealth Ward",7,5525,14895,7,0,10,18027,17,0,0,1,10,3,0,0,0,0,0,0,2,0,209,20723,562,100,20,10,2
LA2_1473058221,1914,CLASSIC,14.24.644.2327,Red,Blue,Stratafarius,RekSai,Desconocido (Desconocido),"11, 4",11/5/8,20797,41179,13507,"Black Cleaver, Death's Dance, Plated Steelcaps, Desconocido, Pickaxe, Stridebreaker, Stealth Ward",8,0,34967,8,1,11,15976,16,0,0,1,11,5,1,0,0,0,2,0,0,0,29,25469,343,122,31,12,0
LA2_1473058221,1914,CLASSIC,14.24.644.2327,Red,Blue,Rasharo,Hwei,Desconocido (Desconocido),"21, 4",4/10/9,36628,23892,11420,"Liandry's Anguish, Desconocido, Sorcerer's Shoes, Void Staff, Desconocido, Desconocido, Farsight Alteration",2,2324,2324,9,0,4,13755,15,0,1,4,4,10,0,0,0,0,0,0,1,0,205,1237,818,315,17,9,3
LA2_1473058221,1914,CLASSIC,14.24.644.2327,Red,Blue,giga tilin,Jayce,Desconocido (Desconocido),"4, 12",10/9/9,39996,29977,14878,"Eclipse, Plated Steelcaps, Warden's Mail, Serylda's Grudge, Desconocido, Edge of Night, Stealth Ward",3,10682,10682,9,0,10,18099,17,0,0,3,10,9,1,0,0,0,0,1,3,0,195,3467,222,287,17,9,0
LA2_1473058221,1914,CLASSIC,14.24.644.2327,Red,Blue,,Lux,Desconocido (Desconocido),"4, 7",2/12/11,15210,24805,8419,"Desconocido, Desconocido, Sorcerer's Shoes, Desconocido, Ruby Crystal, Amplifying Tome, Oracle Lens",0,707,1261,11,0,2,10836,13,0,1,8,2,12,0,0,0,0,0,0,0,0,32,2886,211,307,58,20,10
LA2_1473058221,1914,CLASSIC,14.24.644.2327,Red,Red,Thelar,Sion,Desconocido (Desconocido),"4, 12",2/15/7,26122,50097,13375,"Desconocido, Axiom Arc, Youmuu's Ghostblade, Caulfield's Warhammer, Last Whisper, Boots of Swiftness, Stealth Ward",0,11536,11536,7,0,2,16446,16,0,2,4,2,15,0,0,0,0,0,1,4,0,263,8792,792,500,14,9,0
LA2_1473058221,1914,CLASSIC,14.24.644.2327,Red,Red,MuereIndioFeoHor,Zac,Desconocido (Desconocido),"11, 4",4/6/11,17610,56289,12305,"Spirit Visage, Sunfire Aegis, Ionian Boots of Lucidity, Desconocido, Cloth Armor, Desconocido, Stealth Ward",2,0,39781,11,0,4,15021,16,1,17,0,4,6,0,0,0,0,2,0,1,0,25,75404,545,188,16,6,2
LA2_1473058221,1914,CLASSIC,14.24.644.2327,Red,Red,alejo1313,Yone,Desconocido (Desconocido),"4, 12",8/5/8,26156,28610,13801,"Infinity Edge, Blade of The Ruined King, Mercury's Treads, Control Ward, Immortal Shieldbow, Caulfield's Warhammer, Oracle Lens",4,3016,6525,8,0,8,18050,17,1,0,15,8,5,1,0,0,0,0,0,2,0,229,8878,183,184,20,7,1
LA2_1473058221,1914,CLASSIC,14.24.644.2327,Red,Red,Izanagı,Smolder,Desconocido (Desconocido),"21, 4",20/5/9,49456,24873,17489,"Essence Reaver, B. F. Sword, Spear Of Shojin, Ionian Boots of Lucidity, Lord Dominik's Regards, Rapid Firecannon, Farsight Alteration",10,4017,6965,9,0,20,16919,17,0,0,0,20,5,3,0,0,0,0,0,1,0,235,6223,499,128,14,10,0
LA2_1473058221,1914,CLASSIC,14.24.644.2327,Red,Red,Naxeron,Rakan,Desconocido (Desconocido),"4, 14",5/6/26,14506,29863,10621,"Zeke's Convergence, Desconocido, Locket of the Iron Solari, Kindlegem, Ionian Boots of Lucidity, Knight's Vow, Oracle Lens",0,3455,4044,26,0,5,13951,15,2,1,0,5,6,0,0,0,0,0,0,0,1,33,11910,165,188,55,27,4
LA2_1472066924,1779,CLASSIC,14.24.644.2327,Red,Blue,Genzui,Darius,Desconocido (Desconocido),"6, 4",14/7/8,28970,39053,13623,"Stridebreaker, Dead Man's Plate, Sterak's Gage, Bramble Vest, Plated Steelcaps, Phage, Stealth Ward",5,3150,10226,8,0,14,14634,15,0,1,1,14,7,1,0,0,0,0,0,0,0,176,9661,226,196,24,10,2
LA2_1472066924,1779,CLASSIC,14.24.644.2327,Red,Blue,,LeeSin,Desconocido (Desconocido),"4, 11",3/9/11,13190,38006,9274,"Desconocido, Eclipse, Control Ward, Desconocido, Plated Steelcaps, Desconocido, Stealth Ward",0,484,6741,11,0,3,11571,14,0,1,7,3,9,0,0,0,0,0,0,0,0,12,13785,488,229,27,13,2
LA2_1472066924,1779,CLASSIC,14.24.644.2327,Red,Blue,Neeko Futa Kok,Yasuo,Desconocido (Desconocido),"4, 12",8/9/11,26848,33746,11993,"Immortal Shieldbow, Blade of The Ruined King, Plated Steelcaps, Cloak of Agility, Death's Dance, Desconocido, Stealth Ward",3,2094,2481,11,0,8,14802,16,0,0,1,8,9,1,0,0,0,0,0,1,0,191,6355,160,302,13,8,1
LA2_1472066924,1779,CLASSIC,14.24.644.2327,Red,Blue,Thelar,Ziggs,Desconocido (Desconocido),"4, 12",6/8/11,42469,27196,11951,"Dark Seal, Horizon Focus, Oblivion Orb, Desconocido, Liandry's Anguish, Sorcerer's Shoes, Farsight Alteration",2,1702,3587,11,0,6,12622,14,0,1,0,6,8,0,0,0,0,0,0,0,0,196,1926,370,219,11,7,1
LA2_1472066924,1779,CLASSIC,14.24.644.2327,Red,Blue,Naxeron,Alistar,Desconocido (Desconocido),"4, 3",2/12/17,11251,36884,8438,"Fiendish Codex, Fiendish Codex, Fiendish Codex, Fiendish Codex, Fiendish Codex, Fiendish Codex, Farsight Alteration",2,990,1107,17,0,2,10403,13,0,2,0,2,12,0,0,0,0,0,0,1,0,33,10387,197,327,51,18,3
LA2_1472066924,1779,CLASSIC,14.24.644.2327,Red,Red,oushen,Mordekaiser,Desconocido (Desconocido),"14, 4",5/13/5,27255,34005,10033,"Spirit Visage, Doran's Ring, Dark Seal, Plated Steelcaps, Rylai's Crystal Scepter, Thornmail, Stealth Ward",2,2789,2839,5,0,5,14497,15,0,0,2,5,13,1,0,0,0,0,1,0,0,164,5797,291,328,17,10,1
LA2_1472066924,1779,CLASSIC,14.24.644.2327,Red,Red,BDST Evil Monk,MasterYi,Desconocido (Desconocido),"4, 11",9/3/14,23578,40959,13493,"Desconocido, Blade of The Ruined King, Zeke's Convergence, Recurve Bow, Plated Steelcaps, Recurve Bow, Oracle Lens",6,5149,63026,14,1,9,15567,16,0,3,0,9,3,1,0,0,0,3,0,2,0,16,23698,277,121,38,9,4
LA2_1472066924,1779,CLASSIC,14.24.644.2327,Red,Red,Ancud,Talon,Desconocido (Desconocido),"4, 14",10/4/11,30588,23429,14046,"Youmuu's Ghostblade, Lord Dominik's Regards, Desconocido, Boots of Swiftness, Axiom Arc, Dark Seal, Oracle Lens",5,12241,17022,11,0,10,15857,16,0,0,8,10,4,0,0,0,0,1,1,3,0,198,4995,180,125,24,6,4
LA2_1472066924,1779,CLASSIC,14.24.644.2327,Red,Red,Poiute8,Caitlyn,Desconocido (Desconocido),"4, 21",19/7/11,49397,27419,16276,"Rapid Firecannon, Infinity Edge, Berserker's Greaves, The Collector, Lord Dominik's Regards, Recurve Bow, Farsight Alteration",9,6335,15883,11,0,19,14419,15,0,0,0,19,7,5,0,0,0,0,0,1,0,210,7238,91,219,5,3,2
LA2_1472066924,1779,CLASSIC,14.24.644.2327,Red,Red,gangus,Taric,Desconocido (Desconocido),"4, 14",2/6/34,16837,36877,11131,"Desconocido, Locket of the Iron Solari, Fimbulwinter, Plated Steelcaps, Thornmail, Negatron Cloak, Oracle Lens",0,3103,4086,34,0,2,13005,14,0,0,1,2,6,0,0,0,0,0,1,3,0,30,23478,356,174,72,26,8
LA2_1472049540,1935,CLASSIC,14.24.644.2327,Blue,Blue,Gangpybara,Ornn,Desconocido (Desconocido),"12, 4",2/8/18,29204,34104,12661,"Doran's Shield, Randuin's Omen, Sunfire Aegis, Plated Steelcaps, Bramble Vest, Desconocido, Farsight Alteration",0,6138,12560,18,0,2,14918,16,0,4,7,2,8,0,0,0,0,0,0,3,0,172,4320,483,225,23,13,1
LA2_1472049540,1935,CLASSIC,14.24.644.2327,Blue,Blue,Chrizo ,FiddleSticks,Desconocido (Desconocido),"11, 4",9/9/12,30490,41936,13773,"Broken Stopwatch, Hextech Rocketbelt, Sorcerer's Shoes, Desconocido, Liandry's Anguish, Amplifying Tome, Scarecrow Effigy",4,0,24123,12,1,9,14087,15,0,11,6,9,9,0,0,0,0,1,0,0,0,44,22850,1214,251,60,4,5
LA2_1472049540,1935,CLASSIC,14.24.644.2327,Blue,Blue,ElPiñufla,Yone,Desconocido (Desconocido),"4, 14",12/8/6,34539,35745,14710,"Infinity Edge, Berserker's Greaves, Tiamat, Immortal Shieldbow, Blade of The Ruined King, Ruby Crystal, Stealth Ward",4,373,10872,6,0,12,15587,16,1,1,8,12,8,2,0,0,0,0,0,0,0,205,6866,163,279,17,10,2
LA2_1472049540,1935,CLASSIC,14.24.644.2327,Blue,Blue,NasusBONK,Yuumi,Desconocido (Desconocido),"21, 14",2/5/13,12121,10060,7632,"Moonstone Renewer, Ardent Censer, Ionian Boots of Lucidity, Oblivion Orb, Desconocido, Desconocido, Farsight Alteration",0,0,853,13,0,2,12657,14,0,1,0,2,5,0,0,0,0,0,0,0,0,49,11012,191,110,14,7,4
LA2_1472049540,1935,CLASSIC,14.24.644.2327,Blue,Blue,aster235,Shaco,Desconocido (Desconocido),"3, 14",4/5/15,26756,21228,10716,"Desconocido, Sorcerer's Shoes, Desconocido, Liandry's Anguish, Oblivion Orb, Blasting Wand, Oracle Lens",2,391,2496,15,0,4,11568,14,0,0,3,4,5,0,0,0,0,0,0,0,0,78,2344,442,106,88,35,13
LA2_1472049540,1935,CLASSIC,14.24.644.2327,Blue,Red,Genzui,Warwick,Desconocido (Desconocido),"21, 4",12/7/5,34046,46069,13016,"Stridebreaker, Blade of The Ruined King, Doran's Blade, Plated Steelcaps, Sterak's Gage, Kindlegem, Farsight Alteration",5,5303,16729,5,0,12,13075,15,0,0,1,12,7,2,0,0,0,0,0,2,0,170,21347,316,296,16,10,2
LA2_1472049540,1935,CLASSIC,14.24.644.2327,Blue,Red,YESHONEY,Vi,Desconocido (Desconocido),"4, 11",0/5/11,9311,31165,10478,"Mercury's Treads, Desconocido, Control Ward, Black Cleaver, Warden's Mail, Glacial Buckler, Oracle Lens",0,474,21373,11,0,0,12553,14,0,1,1,0,5,0,0,0,0,3,0,0,0,30,14594,285,181,37,8,4
LA2_1472049540,1935,CLASSIC,14.24.644.2327,Blue,Red,Shalnark2332,Katarina,Desconocido (Desconocido),"14, 4",14/6/7,28966,23545,13824,"Oblivion Orb, Lich Bane, Control Ward, Sorcerer's Shoes, Shadowflame, Void Staff, Oracle Lens",6,0,4163,7,0,14,15079,16,0,1,13,14,6,2,1,0,0,0,0,0,0,165,4337,28,153,42,13,9
LA2_1472049540,1935,CLASSIC,14.24.644.2327,Blue,Red,Naxeron,Jhin,Desconocido (Desconocido),"4, 21",6/4/12,22035,22016,14581,"Doran's Blade, The Collector, Boots of Swiftness, Infinity Edge, Rapid Firecannon, Lord Dominik's Regards, Farsight Alteration",2,12029,25128,12,0,6,13926,15,0,0,0,6,4,0,0,0,0,1,0,3,0,220,8982,192,76,30,11,2
LA2_1472049540,1935,CLASSIC,14.24.644.2327,Blue,Red,Thelar,TahmKench,Desconocido (Desconocido),"4, 3",3/7/17,18220,60545,9184,"Negatron Cloak, Desconocido, Control Ward, Dead Man's Plate, Warmog's Armor, Desconocido, Oracle Lens",0,1563,6440,17,0,3,9326,12,0,0,0,3,7,0,0,0,0,0,0,0,0,34,13814,239,211,73,26,6
